"","Frag.ID","Parent.ID","Treatment","Species","Time.Point","Depth","Tank.num","Notes","ID","Clade","C27.C3.C21.C27a","C15.C15ci.C15n.C15cj.C15cc.C15cl.C15l","C15.C15ci.C15cj.C15cm.C15ch.C15n.C15ck","C31.C17d.C31.1.C31a.C21.C17e.C21ac","C1d.C42.2.C1.C1k.C1b","C1d.C42.2.C1","C31.C17d.C21.C31.9.C31h.C31i.C21ac","C1.C1b.C1u.C3.C1bo","C42.2.C1.C1b.C3.C1au","C31.C17d.C21.C21ac.C31a.C17e.C31.9.C17f","C1.C3.C1c.C1b.C72k.C42.2","C17d.C31.C21.C21ac.C17e.C17f.C31.9","C31.C17d.C21.C31a.C21ac.C31g","C1d.C1df.C42.2.C1","C31.C17d.C21.C21ac.C31.1.C31a","C1.C3.C1c.C1b.C1w.C42.2","C1d.C42.2.C1ag.C1k.C42ax.C42ay.C1","C1.C1c.C1b.C1al.C72k","C1.C1d.C42.2.C3.C1b.C3cg.C45c.C115k.C1au.C41p","C15.C15n","C1.C3","C15.C1.C3.C1b","C31.C17d.C31.1","C31.C17d","C1d.C31","C15h.C15","C15.C31.C17d.C21.C15cl","C31.C17d.C21.C21ac.C31.9","C1.C42.2.C3cg.C1j.C1b.C3.C1au.C45c.C115k","C15h","D4.D1.D6.D1ab.D17d.D17j.D3h","D4.D1.D6.D1ab.D3h","D1.D4.D6.D1ab"
"1","S1037",358,"Ambient","Pavona_varians","TF","4.8","9","","S1037","C1",0,0,0,0,0,0,0,0,0,0,22306,0,0,0,0,0,0,0,0,0,0,0,0,0,0,0,0,0,0,0,0,0,0
"2","S1061",301,"Ambient","Pocillopora_acuta","TF","4.9","5","","S1061","CCC",0,0,0,0,0,13253,0,0,0,0,0,0,0,0,0,0,0,0,0,0,0,0,0,0,0,0,0,0,0,0,0,0,0
"3","S1068",356,"High","Pavona_varians","T1","5","3","","S1068","C1",0,0,0,0,0,0,0,19051,0,0,0,0,0,0,0,0,0,0,0,0,0,0,0,0,0,0,0,0,0,0,0,0,0
"4","S1104",365,"Ambient","Montipora_capitata","TF","6.7","4","","S1104","CD",0,0,0,1099,0,0,0,0,0,0,0,0,0,0,0,0,0,0,0,0,0,0,0,0,0,0,0,0,0,0,985,0,0
"5","S1108",362,"High","Pavona_varians","T0","6","9","","S1108","C27",24306,0,0,0,0,0,0,0,0,0,0,0,0,0,0,0,0,0,0,0,0,0,0,0,0,0,0,0,0,0,0,0,0
"6","S1110",321,"High","Porites_compressa","T1","1.3","3","Dup","S1110","C15cj",0,0,20775,0,0,0,0,0,0,0,0,0,0,0,0,0,0,0,0,0,0,0,0,0,0,0,0,0,0,0,0,0,0
"7","S1110B",321,"High","Porites_compressa","T1","1.3","3","Dup","S1110B","C15cj",0,0,0,0,0,0,0,0,0,0,0,0,0,0,0,0,0,0,0,0,0,0,0,0,0,0,0,0,0,0,0,0,0
"8","S1133",368,"High","Montipora_capitata","T1","3.7","11","","S1133","CD",0,0,0,0,0,0,0,0,0,0,0,0,0,0,16125,0,0,0,0,0,0,0,0,0,0,0,0,0,0,0,6851,0,0
"9","S1144",358,"Ambient","Pavona_varians","T1","4.8","8","","S1144","C1",0,0,0,0,0,0,0,0,0,0,14754,0,0,0,0,0,0,0,0,0,0,0,0,0,0,0,0,0,0,0,0,0,0
"10","S1166",354,"High","Pavona_varians","TF","4.1","2","Dup","S1166","C27",0,0,0,0,0,0,0,0,0,0,0,0,0,0,0,0,0,0,0,0,0,334,0,0,0,0,0,0,0,0,0,0,0
"11","S1166b",354,"High","Pavona_varians","TF","4.1","2","Dup","S1166b","C27",7891,0,0,0,0,0,0,0,0,0,0,0,0,0,0,0,0,0,0,0,0,0,0,0,661,0,0,0,0,0,0,0,2196
"12","S1195",304,"Ambient","Pocillopora_acuta","T1","6.4","4","","S1195","CCC",0,0,0,0,0,0,0,0,0,0,0,0,0,0,0,0,0,0,0,0,0,0,0,0,0,0,0,0,0,0,0,0,0
"13","S1226",370,"Ambient","Montipora_capitata","TF","3.7","9","","S1226","C",0,0,0,22258,0,0,0,0,0,0,0,0,0,0,0,0,0,0,0,0,0,0,0,0,0,0,0,0,0,0,263,0,0
"14","S1254",362,"Ambient","Pavona_varians","T1","6","1","","S1254","C27",21003,0,0,0,0,0,0,0,0,0,0,0,0,0,0,0,0,0,0,0,0,0,0,0,0,0,0,0,0,0,0,0,0
"15","S1279",302,"Ambient","Pocillopora_acuta","TF","4.6","4","","S1279","CCC",0,0,0,0,0,0,0,0,0,0,0,0,0,25427,0,0,0,0,0,0,0,0,0,0,0,0,0,0,0,0,0,0,0
"16","S1388a",370,"High","Montipora_capitata","T1","3.7","7","Dup","S1388a","C",0,0,0,0,0,0,0,0,0,0,0,0,0,0,0,0,0,0,0,0,0,0,5808,0,0,0,0,0,0,0,0,0,0
"17","S1388b",370,"High","Montipora_capitata","T1","3.7","7","Dup","S1388b","C",0,0,0,0,0,0,0,0,0,0,0,0,0,0,0,0,0,0,0,0,0,0,0,0,0,0,134,0,0,0,0,0,0
"18","S1413",357,"High","Pavona_varians","TF","4.7","11","","S1413","C27",22299,0,0,0,0,0,0,0,0,0,0,0,0,0,0,0,0,0,0,0,0,0,0,0,0,0,0,0,0,0,0,0,0
"19","S1418",325,"Ambient","Pavona_varians","T1","2.6","4","","S1418","C1",0,0,0,0,0,0,0,18872,0,0,0,0,0,0,0,0,0,0,0,0,0,0,0,0,0,0,0,0,0,0,0,0,0
"20","S1437",367,"High","Montipora_capitata","TF","5.8","6","","S1437","C",0,0,0,20507,0,0,0,0,0,0,0,0,0,0,0,0,0,0,0,0,0,0,0,0,0,0,0,0,0,0,0,0,0
"21","S1441",325,"High","Pavona_varians","T1","2.6","7","","S1441","C1",0,0,0,0,0,0,0,17432,0,0,0,0,0,0,0,0,0,0,0,0,0,0,0,0,0,0,0,0,0,0,0,0,0
"22","S1443",308,"Ambient","Pocillopora_acuta","T1","6.7","5","","S1443","CCC",0,0,0,0,19919,0,0,0,0,0,0,0,0,0,0,0,0,0,0,0,0,0,0,0,0,0,0,0,0,0,0,0,0
"23","S148",356,"High","Pavona_varians","T0","5","7","","S148","C1",0,0,0,0,0,0,0,21560,0,0,0,0,0,0,0,0,0,0,0,0,0,0,0,0,0,0,0,0,0,0,0,0,0
"24","S1502",322,"High","Porites_compressa","TF","1.5","7","","S1502","C15cj",0,0,16817,0,0,0,0,0,0,0,0,0,0,0,0,0,0,0,0,0,0,0,0,0,0,0,0,0,0,0,0,0,0
"25","S1526",358,"High","Pavona_varians","TF","4.8","11","","S1526","C1",0,0,0,0,0,0,0,0,0,0,0,0,0,0,0,0,0,20223,0,0,0,0,0,0,0,0,0,0,0,0,0,0,0
"26","S153",371,"Ambient","Montipora_capitata","T1","3.4","9","","S153","C",0,0,0,19375,0,0,0,0,0,0,0,0,0,0,0,0,0,0,0,0,0,0,0,0,0,0,0,0,0,0,512,0,0
"27","S1556",355,"Ambient","Pavona_varians","TF","3.8","4","","S1556","C27",27153,0,0,0,0,0,0,0,0,0,0,0,0,0,0,0,0,0,0,0,0,0,0,0,0,0,0,0,0,0,0,0,0
"28","S1573",359,"Ambient","Pavona_varians","T1","2","5","","S1573","C27",16189,0,0,0,0,0,0,0,0,0,0,0,0,0,0,0,0,0,0,0,0,0,0,0,0,0,0,0,0,0,0,0,0
"29","S1688",362,"Ambient","Pavona_varians","TF","6","5","","S1688","C27",9420,0,0,0,0,0,0,0,0,0,0,0,0,0,0,0,0,0,0,0,0,0,0,0,0,0,0,0,0,0,0,0,0
"30","S1736",359,"Ambient","Pavona_varians","TF","2","9","","S1736","C27",19339,0,0,0,0,0,0,0,0,0,0,0,0,0,0,0,0,0,0,0,0,0,0,0,0,0,0,0,0,0,0,0,0
"31","S1753",370,"Ambient","Montipora_capitata","T0","3.7","9","","S1753","C",0,0,0,21575,0,0,0,0,0,0,0,0,0,0,0,0,0,0,0,0,0,0,0,0,0,0,0,0,0,0,0,0,0
"32","S1771",302,"High","Pocillopora_acuta","TF","4.6","2","","S1771","CCC",0,0,0,0,0,0,0,0,0,0,0,0,0,22808,0,0,0,0,0,0,0,0,0,0,0,0,0,0,0,0,0,0,0
"33","S179",369,"High","Montipora_capitata","T1","3.3","2","","S179","CD",0,0,0,0,0,0,0,0,0,0,0,11716,0,0,0,0,0,0,0,0,0,0,0,0,0,0,0,0,0,0,7475,0,0
"34","S1791",363,"High","Montipora_capitata","T1","5.4","6","","S1791","C",0,0,0,0,0,0,24148,0,0,0,0,0,0,0,0,0,0,0,0,0,0,0,0,0,0,0,0,0,0,0,0,0,0
"35","S1803",325,"High","Pavona_varians","TF","2.6","11","","S1803","C1",0,0,0,0,0,0,0,27214,0,0,0,0,0,0,0,0,0,0,0,0,0,0,0,0,0,0,0,0,0,0,0,0,0
"36","S1857",362,"High","Pavona_varians","T1","6","2","Dup","S1857","C27",13407,0,0,0,0,0,0,0,0,0,0,0,0,0,0,0,0,0,0,0,0,0,0,0,0,0,0,0,0,1511,0,0,0
"37","S1857b",362,"High","Pavona_varians","T1","6","2","Dup","S1857b","C27",20890,0,0,0,0,0,0,0,0,0,0,0,0,0,0,0,0,0,0,0,0,0,0,0,0,2790,0,0,0,0,0,0,0
"38","S1895",312,"Ambient","Pocillopora_acuta","T1","5.8","1","","S1895","CCC",0,0,0,0,19346,0,0,0,0,0,0,0,0,0,0,0,0,0,0,0,0,0,0,0,0,0,0,0,0,0,0,0,0
"39","S1943",358,"High","Pavona_varians","T1","4.8","7","","S1943","C1",0,0,0,0,0,0,0,0,0,0,0,0,0,0,0,0,0,19673,0,0,0,0,0,0,0,0,0,0,0,0,0,0,0
"40","S1982",351,"High","Pavona_varians","T0","4.6","3","","S1982","C27",23799,0,0,0,0,0,0,0,0,0,0,0,0,0,0,0,0,0,0,0,0,0,0,0,0,0,0,0,0,0,0,0,0
"41","S199",317,"Ambient","Porites_compressa","T1","2.2","4","","S199","C15cj",0,0,13909,0,0,0,0,0,0,0,0,0,0,0,0,0,0,0,0,0,0,0,0,0,0,0,0,0,0,0,0,0,0
"42","S2001",354,"High","Pavona_varians","T1","4.1","11","","S2001","C27",14403,0,0,0,0,0,0,0,0,0,0,0,0,0,0,0,0,0,0,0,0,0,0,0,0,0,0,0,0,0,0,0,0
"43","S2018",365,"High","Montipora_capitata","TF","6.7","3","","S2018","CD",0,0,0,9631,0,0,0,0,0,0,0,0,0,0,0,0,0,0,0,0,0,0,0,0,0,0,0,0,0,0,12624,0,0
"44","S208",354,"Ambient","Pavona_varians","T0","4.1","6","","S208","C27",20390,0,0,0,0,0,0,0,0,0,0,0,0,0,0,0,0,0,0,0,0,0,0,0,0,0,0,0,0,0,0,0,0
"45","S2136",362,"High","Pavona_varians","TF","6","11","","S2136","C27",22417,0,0,0,0,0,0,0,0,0,0,0,0,0,0,0,0,0,0,0,0,0,0,842,0,0,0,0,0,0,0,0,236
"46","S2142",302,"High","Pocillopora_acuta","T1","4.6","3","","S2142","CCC",0,0,0,0,0,0,0,0,0,0,0,0,0,16194,0,0,0,0,0,0,0,0,0,0,0,0,0,0,0,0,0,0,0
"47","S2214",351,"Ambient","Pavona_varians","TF","4.6","8","","S2214","C27",29093,0,0,0,0,0,0,0,0,0,0,0,0,0,0,0,0,0,0,0,0,0,0,0,0,0,0,0,0,0,0,0,0
"48","S2226",312,"Ambient","Pocillopora_acuta","TF","5.8","8","","S2226","CCC",0,0,0,0,19616,0,0,0,0,0,0,0,0,0,0,0,0,0,0,0,0,0,0,0,0,0,0,0,0,0,0,0,0
"49","S226",324,"High","Porites_compressa","T1","0.8","7","","S226","C15n",0,10234,0,0,0,0,0,0,0,0,0,0,0,0,0,0,0,0,0,0,0,0,0,0,0,0,0,0,0,0,0,0,0
"50","S2284",369,"High","Montipora_capitata","TF","3.3","6","","S2284","CD",0,0,0,0,0,0,0,0,0,0,0,10531,0,0,0,0,0,0,0,0,0,0,0,0,0,0,0,0,0,0,13519,0,0
"51","S2286",315,"Ambient","Porites_compressa","T1","2.5","1","","S2286","C15n",0,18195,0,0,0,0,0,0,0,0,0,0,0,0,0,0,0,0,0,0,0,0,0,0,0,0,0,0,0,0,0,0,0
"52","S231",359,"Ambient","Pavona_varians","T0","2","9","","S231","C27",20971,0,0,0,0,0,0,0,0,0,0,0,0,0,0,0,0,0,0,0,0,0,0,0,0,0,0,0,0,0,1148,0,0
"53","S2328",359,"High","Pavona_varians","TF","2","3","","S2328","C27",21356,0,0,0,0,0,0,0,0,0,0,0,0,0,0,0,0,0,0,0,0,0,0,0,0,0,0,0,0,0,0,0,0
"54","S2402",306,"High","Pocillopora_acuta","T1","6.1","3","","S2402","CCC",0,0,0,0,0,19453,0,0,0,0,0,0,0,0,0,0,0,0,0,0,0,0,0,0,0,0,0,0,0,0,0,0,0
"55","S2424",351,"Ambient","Pavona_varians","T1","4.6","1","","S2424","C27",19801,0,0,0,0,0,0,0,0,0,0,0,0,0,0,0,0,0,0,0,0,0,0,0,0,0,0,0,0,0,0,0,0
"56","S249",360,"Ambient","Pavona_varians","T1","2","5","","S249","C27",19903,0,0,0,0,0,0,0,0,0,0,0,0,0,0,0,0,0,0,0,0,0,0,0,0,0,0,0,0,0,0,0,0
"57","S2629",355,"High","Pavona_varians","T1","3.8","3","","S2629","C27",12715,0,0,0,0,0,0,0,0,0,0,0,0,0,0,0,0,0,0,0,0,0,0,0,0,0,0,0,0,0,0,0,0
"58","S263",361,"Ambient","Pavona_varians","T0","6.8","1","","S263","C1",0,0,0,0,0,0,0,0,0,0,0,0,0,0,0,18614,0,0,0,0,0,0,0,0,0,0,0,0,0,0,0,0,0
"59","S2663",355,"High","Pavona_varians","TF","3.8","7","","S2663","C27",22506,0,0,0,0,0,0,0,0,0,0,0,0,0,0,0,0,0,0,0,0,0,0,0,0,0,0,0,0,0,0,0,0
"60","S2731",353,"High","Pavona_varians","TF","3.6","3","","S2731","C1",0,0,0,0,0,0,0,0,0,0,19971,0,0,0,0,0,0,0,0,0,0,0,0,0,0,0,0,0,0,0,0,0,0
"61","S2736",311,"High","Pocillopora_acuta","T1","7.3","11","","S2736","C42",0,0,0,0,0,0,0,0,0,0,0,0,0,0,0,0,7715,0,0,0,0,0,0,0,0,0,0,0,0,0,0,0,0
"62","S284",314,"Ambient","Porites_compressa","T1","2.1","4","","S284","C15cj",0,0,14257,0,0,0,0,0,0,0,0,0,0,0,0,0,0,0,0,0,0,0,0,0,0,0,0,0,0,0,0,0,0
"63","S2849",360,"High","Pavona_varians","T1","2","3","","S2849","C27",6665,0,0,0,0,0,0,0,0,0,0,0,0,0,0,0,0,0,0,0,0,0,0,0,0,0,0,0,0,0,0,0,0
"64","S2879",301,"High","Pocillopora_acuta","TF","4.9","7","","S2879","CCC",0,0,0,0,32086,0,0,0,0,0,0,0,0,0,0,0,0,0,0,0,0,0,0,0,0,0,0,0,0,0,0,0,0
"65","S2893",311,"High","Pocillopora_acuta","TF","7.3","2","","S2893","C42",0,14738,0,0,0,0,0,0,0,0,0,0,0,0,0,0,0,0,0,0,0,0,0,0,0,0,0,0,0,0,0,311,0
"66","S2911",351,"High","Pavona_varians","T1","4.6","6","","S2911","C27",15757,0,0,0,0,0,0,0,0,0,0,0,0,0,0,0,0,0,0,0,0,0,0,0,0,0,0,0,0,0,0,0,0
"67","S2948",351,"High","Pavona_varians","TF","4.6","7","","S2948","C27",23650,0,0,0,0,0,0,0,0,0,0,0,0,0,0,0,0,0,0,0,0,0,0,0,0,0,0,0,0,0,0,0,0
"68","S3025",307,"High","Pocillopora_acuta","T1","4.9","3","","S3025","CCC",0,0,0,0,16156,0,0,0,0,0,0,0,0,0,0,0,0,0,0,0,0,0,0,0,0,0,0,0,0,0,0,0,0
"69","S3035",303,"Ambient","Pocillopora_acuta","T1","4.9","9","","S3035","CCC",0,0,0,0,20565,0,0,0,0,0,0,0,0,0,0,0,0,0,0,0,0,0,0,0,0,0,0,0,0,0,0,0,0
"70","S3059",301,"High","Pocillopora_acuta","T1","4.9","6","","S3059","CCC",0,0,0,0,0,51733,0,0,0,0,0,0,0,0,0,0,0,0,0,0,0,0,0,0,0,0,0,0,0,0,0,0,0
"71","S3081",304,"Ambient","Pocillopora_acuta","TF","6.4","1","","S3081","CCC",0,0,0,0,0,18576,0,0,0,0,0,0,0,0,0,0,0,0,0,0,0,0,0,0,0,0,0,0,0,0,0,0,0
"72","S3085",304,"High","Pocillopora_acuta","T1","6.4","2","Dup","S3085","CCC",0,0,0,0,0,52250,0,0,0,0,0,0,0,0,0,0,0,0,0,0,0,0,0,0,0,0,0,0,0,0,0,0,0
"73","S3085b",304,"High","Pocillopora_acuta","T1","6.4","2","Dup","S3085b","CCC",0,0,0,0,0,28021,0,0,0,0,0,0,0,0,0,0,0,0,0,0,0,0,0,0,0,0,0,0,0,0,0,0,0
"74","S3086",309,"High","Pocillopora_acuta","T1","5.5","11","","S3086","C42",0,0,0,0,0,0,0,0,25114,0,0,0,0,0,0,0,0,0,0,0,0,0,0,0,0,0,0,0,0,0,0,0,0
"75","S31",320,"Ambient","Porites_compressa","T0","0.8","9","","S31","C15cj",0,0,14363,0,0,0,0,0,0,0,0,0,0,0,0,0,0,0,0,0,0,0,0,0,0,0,0,0,0,0,0,657,0
"76","S3137",359,"High","Pavona_varians","T1","2","2","","S3137","C27",27691,0,0,0,0,0,0,0,0,0,0,0,0,0,0,0,0,0,0,0,0,0,0,0,0,0,0,0,0,0,0,0,0
"77","S314",305,"High","Pocillopora_acuta","T1","6.1","6","","S314","C42",0,0,0,0,0,0,0,0,8088,0,0,0,0,0,0,0,0,0,0,0,0,0,0,0,0,0,0,0,0,0,0,0,0
"78","S3149",372,"High","Montipora_capitata","T1","5.6","9","Dup","S3149","C",0,0,0,0,0,0,0,0,0,0,0,0,20897,0,0,0,0,0,0,0,0,0,0,0,0,0,0,0,0,0,0,0,0
"79","S3149b",372,"High","Montipora_capitata","T1","5.6","9","Dup","S3149b","C",0,0,0,0,0,0,0,0,0,0,0,0,13056,0,0,0,0,0,0,0,0,0,0,0,0,0,0,0,0,0,0,0,0
"80","S3164",303,"Ambient","Pocillopora_acuta","TF","4.9","8","","S3164","CCC",0,0,0,0,27689,0,0,0,0,0,0,0,0,0,0,0,0,0,0,0,0,0,0,0,0,0,0,0,0,0,0,0,0
"81","S3204",370,"High","Montipora_capitata","TF","3.7","11","","S3204","C",0,0,0,18139,0,0,0,0,0,0,0,0,0,0,0,0,0,0,0,0,0,0,0,0,0,0,0,0,0,0,538,0,0
"82","S3246",353,"High","Pavona_varians","T1","3.6","2","","S3246","C1",0,0,0,0,0,0,0,0,0,0,30297,0,0,0,0,0,0,0,0,0,0,0,0,0,0,0,0,0,0,0,0,0,0
"83","S3317",372,"Ambient","Montipora_capitata","TF","5.6","1","","S3317","C",0,0,0,0,0,0,0,0,0,0,0,0,24398,0,0,0,0,0,0,0,0,0,0,0,0,0,0,0,0,0,0,0,0
"84","S3337",315,"Ambient","Porites_compressa","TF","2.5","5","","S3337","C15n",0,25276,0,0,0,0,0,0,0,0,0,0,0,0,0,0,0,0,0,0,0,0,0,0,0,0,0,0,0,0,0,0,0
"85","S3340",317,"High","Porites_compressa","T1","2.2","2","","S3340","C15cj",0,0,13827,0,0,0,0,0,0,0,0,0,0,0,0,0,0,0,0,0,0,0,0,0,0,0,0,0,0,0,0,0,0
"86","S335",363,"High","Montipora_capitata","TF","5.4","11","","S335","C",0,0,0,0,0,0,25333,0,0,0,0,0,0,0,0,0,0,0,0,0,0,0,0,0,0,0,0,0,0,0,0,0,0
"87","S3383",356,"High","Pavona_varians","TF","5","6","","S3383","C1",0,0,0,0,0,0,0,7927,0,0,0,0,0,0,0,0,0,0,0,1232,0,0,0,0,0,0,0,0,0,0,0,0,0
"88","S3422",373,"High","Montipora_capitata","TF","5.3","7","","S3422","C",0,0,0,0,0,0,0,0,0,25584,0,0,0,0,0,0,0,0,0,0,0,0,0,0,0,0,0,0,0,0,0,0,0
"89","S3442",318,"Ambient","Porites_compressa","TF","2.1","8","","S3442","C15n",0,20080,0,0,0,0,0,0,0,0,0,0,0,0,0,0,0,0,0,0,0,0,0,0,0,0,0,0,0,0,0,0,0
"90","S3444",315,"High","Porites_compressa","TF","2.5","11","","S3444","C15n",0,21658,0,0,0,0,0,0,0,0,0,0,0,0,0,0,0,0,0,0,0,0,0,0,0,0,0,0,0,0,0,0,0
"91","S3458",320,"High","Porites_compressa","T1","0.8","6","","S3458","C15cj",0,0,7652,0,0,0,0,0,0,0,0,0,0,0,0,0,0,0,0,0,0,0,0,0,0,0,0,0,0,0,0,0,0
"92","S3467",323,"High","Porites_compressa","TF","1","7","","S3467","C15n",0,13646,0,0,0,0,0,0,0,0,0,0,0,0,0,0,0,0,0,0,0,0,0,0,0,0,0,0,0,0,0,0,0
"93","S3468",323,"High","Porites_compressa","T1","1","3","","S3468","C15n",0,8754,0,0,0,0,0,0,0,0,0,0,0,0,0,0,0,0,0,0,0,0,0,0,0,0,0,0,0,0,0,0,0
"94","S3469",374,"High","Montipora_capitata","T1","3.2","6","","S3469","CD",0,0,0,0,0,0,0,0,0,0,0,0,0,0,0,0,0,0,0,0,0,0,0,0,0,0,0,0,0,0,0,0,0
"95","S3470",364,"High","Montipora_capitata","TF","6","2","","S3470","CD",0,0,0,0,0,0,8644,0,0,0,0,0,0,0,0,0,0,0,0,0,0,0,0,0,0,0,0,0,0,0,11861,0,0
"96","S3471",313,"High","Porites_compressa","TF","5.8","11","","S3471","C15n",0,17090,0,0,0,0,0,0,0,0,0,0,0,0,0,0,0,0,0,0,0,0,0,0,0,0,0,0,0,0,0,0,0
"97","S3472",372,"High","Montipora_capitata","T1","5.6","3","","S3472","C",0,0,0,0,0,0,0,0,0,0,0,0,15061,0,0,0,0,0,0,0,0,0,0,0,0,0,0,0,0,0,0,0,0
"98","S3473",372,"High","Montipora_capitata","TF","5.6","6","","S3473","C",0,0,0,0,0,0,0,0,0,0,0,0,24923,0,0,0,0,0,0,0,0,0,0,0,0,0,0,0,0,0,0,0,0
"99","S3474",360,"High","Pavona_varians","TF","2","6","","S3474","C27",13819,0,0,0,0,0,0,0,0,0,0,0,0,0,0,0,0,0,0,0,0,0,0,0,0,0,0,0,0,0,0,0,0
"100","S3475",313,"High","Porites_compressa","T1","5.8","6","","S3475","C15n",0,14379,0,0,0,0,0,0,0,0,0,0,0,0,0,0,0,0,0,0,0,0,0,0,0,0,0,0,0,0,0,0,0
"101","S3476",319,"High","Porites_compressa","TF","3.1","11","","S3476","C15cj",0,0,12113,0,0,0,0,0,0,0,0,0,0,0,0,0,0,0,0,0,0,0,0,0,0,0,0,0,0,0,0,0,0
"102","S3477a",312,"High","Pocillopora_acuta","T1","5.8","3","Dup","S3477a","CCC",0,0,0,0,0,0,0,0,0,0,0,0,0,6081,0,0,0,0,0,0,0,0,0,0,0,0,0,0,0,0,0,0,0
"103","S3477b",312,"High","Pocillopora_acuta","T1","5.8","3","Dup","S3477b","CCC",0,0,0,0,0,0,0,0,0,0,0,0,0,0,0,0,0,0,0,0,0,0,0,0,0,0,0,0,0,0,0,0,0
"104","S3478",361,"High","Pavona_varians","T1","6.8","6","","S3478","C1",0,0,0,0,0,0,0,0,0,0,0,0,0,0,0,0,0,0,0,0,0,8626,0,0,0,0,0,0,0,0,0,0,0
"105","S3479",367,"High","Montipora_capitata","T1","5.8","3","","S3479","C",0,0,0,19283,0,0,0,0,0,0,0,0,0,0,0,0,0,0,0,0,0,0,0,0,0,0,0,0,0,0,0,0,0
"106","S3480",314,"High","Porites_compressa","TF","2.1","3","","S3480","C15cj",0,0,18247,0,0,0,0,0,0,0,0,0,0,0,0,0,0,0,0,0,0,0,0,0,0,0,0,0,0,0,0,0,0
"107","S3481",312,"High","Pocillopora_acuta","TF","5.8","7","","S3481","CCC",0,0,0,0,0,0,0,0,0,0,0,0,0,0,0,0,0,0,0,0,0,0,0,0,0,0,0,0,0,0,0,0,0
"108","S3482",373,"High","Montipora_capitata","T1","5.3","3","","S3482","C",0,0,0,0,0,0,0,0,0,15094,0,0,0,0,0,0,0,0,0,0,0,0,0,0,0,0,0,0,0,0,0,0,0
"109","S3484",304,"High","Pocillopora_acuta","TF","6.4","3","","S3484","CCC",0,0,0,0,0,0,0,0,0,0,0,0,0,0,0,0,0,0,0,0,0,0,0,0,0,0,0,0,0,0,0,0,0
"110","S3485",320,"High","Porites_compressa","TF","0.8","7","","S3485","C15cj",0,0,15502,0,0,0,0,0,0,0,0,0,0,0,0,0,0,0,0,0,0,0,0,0,0,0,0,0,0,0,0,0,0
"111","S3486",306,"High","Pocillopora_acuta","TF","6.1","6","","S3486","CCC",0,0,0,0,0,16469,0,0,0,0,0,0,0,0,0,0,0,0,0,0,0,0,0,0,0,0,0,0,0,0,0,0,0
"112","S3487",303,"High","Pocillopora_acuta","TF","4.9","6","","S3487","CCC",0,0,0,0,0,30475,0,0,0,0,0,0,0,0,0,0,0,0,0,0,0,0,0,0,0,0,0,0,0,0,0,0,0
"113","S3488",315,"High","Porites_compressa","T1","2.5","6","","S3488","C15n",0,17626,0,0,0,0,0,0,0,0,0,0,0,0,0,0,0,0,0,0,0,0,0,0,0,0,0,0,0,0,0,0,0
"114","S3489",307,"High","Pocillopora_acuta","TF","4.9","7","","S3489","CCC",0,0,0,0,28572,0,0,0,0,0,0,0,0,0,0,0,0,0,0,0,0,0,0,0,0,0,0,0,0,0,0,0,0
"115","S3490",308,"High","Pocillopora_acuta","T1","6.7","11","","S3490","CCC",0,0,0,0,15833,0,0,0,0,0,0,0,0,0,0,0,0,0,0,0,0,0,0,0,0,0,0,0,0,0,0,0,0
"116","S3491",321,"High","Porites_compressa","TF","1.3","7","","S3491","C15cj",0,0,21832,0,0,0,0,0,0,0,0,0,0,0,0,0,0,0,0,0,0,0,0,0,0,0,0,0,0,0,0,0,0
"117","S3512",310,"High","Pocillopora_acuta","T1","4","7","","S3512","CCC",0,0,0,0,31430,0,0,0,0,0,0,0,0,0,0,0,0,0,0,0,0,0,0,0,0,0,0,0,0,0,0,0,0
"118","S3513",303,"High","Pocillopora_acuta","T1","4.9","2","","S3513","CCC",0,0,0,0,0,30993,0,0,0,0,0,0,0,0,0,0,0,0,0,0,0,0,0,0,0,0,0,0,0,0,0,0,0
"119","S3514",314,"High","Porites_compressa","T1","2.1","2","","S3514","C15cj",0,0,13546,0,0,0,0,0,0,0,0,0,0,0,0,0,0,0,0,0,0,0,0,0,0,0,0,0,0,0,0,0,0
"120","S3515",308,"High","Pocillopora_acuta","TF","6.7","2","","S3515","CCC",0,0,0,0,17932,0,0,0,0,0,0,0,0,0,0,0,0,0,0,0,0,0,0,0,0,0,0,0,0,0,0,0,0
"121","S3516",309,"High","Pocillopora_acuta","TF","5.5","6","","S3516","C42",0,0,0,0,0,0,0,0,713,0,0,0,0,0,0,0,0,0,0,0,0,0,0,0,0,0,0,0,0,0,0,0,0
"122","S3517",317,"High","Porites_compressa","TF","2.2","3","","S3517","C15cj",0,0,17434,0,0,0,0,0,0,0,0,0,0,0,0,0,0,0,0,0,0,0,0,0,0,0,0,0,0,0,0,0,0
"123","S377",373,"Ambient","Montipora_capitata","TF","5.3","5","","S377","C",0,0,0,0,0,0,0,0,0,25405,0,0,0,0,0,0,0,0,0,0,0,0,0,0,0,0,0,0,0,0,0,0,0
"124","S391",357,"Ambient","Pavona_varians","T0","4.7","9","","S391","C27",21961,0,0,0,0,0,0,0,0,0,0,0,0,0,0,0,0,0,0,0,0,0,0,0,0,0,0,0,0,0,0,0,0
"125","S403",309,"Ambient","Pocillopora_acuta","TF","5.5","9","","S403","C42",0,0,0,0,0,0,0,0,0,0,0,0,0,0,0,0,0,0,0,0,0,0,0,0,0,0,0,0,13749,0,0,0,0
"126","S419",370,"Ambient","Montipora_capitata","T1","3.7","5","","S419","C",0,0,0,18661,0,0,0,0,0,0,0,0,0,0,0,0,0,0,0,0,0,0,0,0,0,0,0,0,0,0,0,0,0
"127","S420",354,"Ambient","Pavona_varians","TF","4.1","4","","S420","C27",15768,0,0,0,0,0,0,0,0,0,0,0,0,0,0,0,0,0,0,0,0,0,0,0,0,0,0,0,0,0,0,0,0
"128","S422",357,"Ambient","Pavona_varians","TF","4.7","8","","S422","C27",35685,0,0,0,0,0,0,0,0,0,0,0,0,0,0,0,0,0,0,0,0,0,0,0,0,0,0,0,0,0,0,0,0
"129","S431",306,"Ambient","Pocillopora_acuta","T1","6.1","8","","S431","CCC",0,0,0,0,0,28095,0,0,0,0,0,0,0,0,0,0,0,0,0,0,0,0,0,0,0,0,0,0,0,0,0,0,0
"130","S436",357,"Ambient","Pavona_varians","T1","4.7","4","","S436","C27",18312,0,0,0,0,0,0,0,0,0,0,0,0,0,0,0,0,0,0,0,0,0,0,0,0,0,0,0,0,0,0,0,0
"131","S471",356,"Ambient","Pavona_varians","TF","5","9","","S471","C1",0,0,0,0,0,0,0,22587,0,0,0,0,0,0,0,0,0,0,0,0,0,0,0,0,0,0,0,0,0,0,0,0,0
"132","S473",305,"High","Pocillopora_acuta","TF","6.1","7","","S473","C42",0,0,0,0,0,0,0,0,2392,0,0,0,0,0,0,0,0,0,0,0,0,0,0,0,0,0,0,0,0,0,0,0,0
"133","S477",310,"High","Pocillopora_acuta","TF","4","11","","S477","CCC",0,0,0,0,23658,0,0,0,0,0,0,0,0,0,0,0,0,0,0,0,0,0,0,0,0,0,0,0,0,0,0,0,0
"134","S488",358,"Ambient","Pavona_varians","T0","4.8","5","","S488","C1",0,0,0,0,0,0,0,0,0,0,20916,0,0,0,0,0,0,0,0,0,0,0,0,0,0,0,0,0,0,0,0,0,0
"135","S490",357,"High","Pavona_varians","T1","4.7","2","","S490","C27",14209,0,0,0,0,0,0,0,0,0,0,0,0,0,0,0,0,0,0,0,0,0,0,0,0,0,0,0,0,0,0,0,0
"136","S554",354,"Ambient","Pavona_varians","T1","4.1","1","","S554","C27",21771,0,0,0,0,0,0,0,0,0,0,0,0,0,0,0,0,0,0,0,0,0,0,0,0,0,0,0,0,0,0,0,0
"137","S579",323,"Ambient","Porites_compressa","TF","1","9","","S579","C15n",0,18454,0,0,0,0,0,0,0,0,0,0,0,0,0,0,0,0,0,0,0,0,0,0,0,0,0,0,0,0,0,0,0
"138","S616",355,"High","Pavona_varians","T0","3.8","2","","S616","C27",24626,0,0,0,0,0,0,0,0,0,0,0,0,0,0,0,0,0,0,0,0,0,0,0,0,0,0,0,0,0,0,0,0
"139","S619",368,"High","Montipora_capitata","TF","3.7","2","","S619","CD",0,0,0,0,0,0,0,0,0,0,0,0,0,0,16019,0,0,0,0,0,0,0,0,0,0,0,0,0,0,0,3725,0,0
"140","S634",318,"High","Porites_compressa","T1","2.1","2","","S634","C15n",0,20265,0,0,0,0,0,0,0,0,0,0,0,0,0,0,0,0,0,0,0,0,0,0,0,0,0,0,0,0,0,0,0
"141","S650",320,"Ambient","Porites_compressa","T1","0.8","5","","S650","C15cj",0,0,18617,0,0,0,0,0,0,0,0,0,0,0,0,0,0,0,0,0,0,0,0,0,0,0,0,0,0,0,0,0,0
"142","S664",361,"Ambient","Pavona_varians","T1","6.8","5","","S664","C1",0,0,0,0,0,0,0,0,0,0,0,0,0,0,0,14360,0,0,0,0,0,0,0,0,0,0,0,0,0,0,0,0,0
"143","S670",371,"High","Montipora_capitata","T1","3.4","7","","S670","C",0,0,0,18344,0,0,0,0,0,0,0,0,0,0,0,0,0,0,0,0,0,0,0,0,0,0,0,0,0,0,0,0,0
"144","S74",314,"High","Porites_compressa","T0","2.1","3","","S74","C15cj",0,0,21364,0,0,0,0,0,0,0,0,0,0,0,0,0,0,0,0,0,0,0,0,0,0,0,0,0,0,0,0,0,0
"145","S755",312,"High","Pocillopora_acuta","T0","5.8","5","","S755","CCC",0,0,0,0,28118,0,0,0,0,0,0,0,0,0,0,0,0,0,0,0,0,0,0,0,0,0,0,0,0,0,0,0,0
"146","S761",355,"Ambient","Pavona_varians","T1","3.8","1","Dup","S761","C27",27812,0,0,0,0,0,0,0,0,0,0,0,0,0,0,0,0,0,0,0,0,0,0,0,0,0,0,0,0,0,0,0,0
"147","S761b",355,"Ambient","Pavona_varians","T1","3.8","1","Dup","S761b","C27",16295,0,0,0,0,0,0,0,0,0,0,0,0,0,0,0,0,0,0,0,0,0,0,0,0,0,0,0,0,0,0,0,0
"148","S775b",361,"High","Pavona_varians","TF","6.8","7","Dup","S775b","C1",0,0,0,0,0,0,0,0,0,0,0,0,0,0,0,19014,0,0,0,0,0,0,0,0,0,0,0,0,0,0,0,0,0
"149","S779",306,"Ambient","Pocillopora_acuta","TF","6.1","9","","S779","CCC",0,0,0,0,0,25973,0,0,0,0,0,0,0,0,0,0,0,0,0,0,0,0,0,0,0,0,0,0,0,0,0,0,0
"150","S785",302,"Ambient","Pocillopora_acuta","T1","4.6","1","","S785","CCC",0,0,0,0,0,0,0,0,0,0,0,0,0,26449,0,0,0,0,0,0,0,0,0,0,0,0,0,0,0,0,0,0,0
"151","S797",365,"Ambient","Montipora_capitata","T1","6.7","1","","S797","CD",0,0,0,14411,0,0,0,0,0,0,0,0,0,0,0,0,0,0,0,0,0,0,0,0,0,0,0,0,0,0,3108,0,0
"152","S809",323,"Ambient","Porites_compressa","T1","1","8","","S809","C15n",0,12543,0,0,0,0,0,0,0,0,0,0,0,0,0,0,0,0,0,0,0,0,0,0,0,0,0,0,0,0,0,0,0
"153","S832",360,"Ambient","Pavona_varians","TF","2","1","","S832","C27",34753,0,0,0,0,0,0,0,0,0,0,0,0,0,0,0,0,0,0,0,0,0,0,0,0,0,0,0,0,0,0,0,0
"154","S840",371,"High","Montipora_capitata","TF","3.4","4","","S840","C",0,0,0,28750,0,0,0,0,0,0,0,0,0,0,0,0,0,0,0,0,0,0,0,0,0,0,0,0,0,0,0,0,0
"155","S848",367,"Ambient","Montipora_capitata","T1","5.8","5","","S848","C",0,0,0,21039,0,0,0,0,0,0,0,0,0,0,0,0,0,0,0,0,0,0,0,0,0,0,0,0,0,0,0,0,0
"156","S914",325,"High","Pavona_varians","T0","2.6","11","","S914","C1",0,0,0,0,0,0,0,19367,0,0,0,0,0,0,0,0,0,0,0,0,0,0,0,0,0,0,0,0,0,0,0,0,0
"157","S915",304,"High","Pocillopora_acuta","T0","6.4","6","","S915","CCC",0,0,0,0,0,26665,0,0,0,0,0,0,0,0,0,0,0,0,0,0,0,0,0,0,0,0,0,0,0,0,0,0,0
"158","S946",316,"High","Porites_compressa","T1","2","3","","S946","C15n",0,12835,0,0,0,0,0,0,0,0,0,0,0,0,0,0,0,0,0,0,0,0,0,0,0,0,0,0,0,0,0,0,0
"159","S955",325,"Ambient","Pavona_varians","TF","2.6","9","","S955","C1",0,0,0,0,0,0,0,26909,0,0,0,0,0,0,0,0,0,0,0,0,0,0,0,0,0,0,0,0,0,0,0,0,0
"160","S972",316,"High","Porites_compressa","TF","2","11","","S972","C15n",0,20412,0,0,0,0,0,0,0,0,0,0,0,0,0,0,0,0,0,0,0,0,0,0,0,0,0,0,0,0,0,0,0
"161","SN102",311,"Ambient","Pocillopora_acuta","TF","7.3","5","","SN102","C42",0,0,0,0,0,0,0,0,0,0,0,0,0,0,0,0,18690,0,0,0,0,0,0,0,0,0,0,0,0,0,0,0,0
"162","SN104",310,"Ambient","Pocillopora_acuta","T1","4","8","","SN104","CCC",0,0,0,0,21274,0,0,0,0,0,0,0,0,0,0,0,0,0,0,0,0,0,0,0,0,0,0,0,0,0,0,0,0
"163","SN105",321,"Ambient","Porites_compressa","TF","1.3","8","","SN105","C15cj",0,0,22155,0,0,0,0,0,0,0,0,0,0,0,0,0,0,0,0,0,0,0,0,0,0,0,0,0,0,0,0,0,0
"164","SN107",315,"High","Porites_compressa","T0","2.5","6","","SN107","C15n",0,17431,0,0,0,0,0,0,0,0,0,0,0,0,0,0,0,0,0,0,0,0,0,0,0,0,0,0,0,0,0,0,0
"165","SN108",353,"Ambient","Pavona_varians","T1","3.6","9","","SN108","C1",0,0,0,0,0,0,0,0,0,0,0,0,0,0,0,0,0,19566,0,0,0,0,0,0,0,0,0,0,0,0,0,0,0
"166","SN109",302,"High","Pocillopora_acuta","T0","4.6","2","","SN109","CCC",0,0,0,0,0,0,0,0,0,0,0,0,0,25103,0,0,0,0,0,0,0,0,0,0,0,0,0,0,0,0,0,0,0
"167","SN11",369,"Ambient","Montipora_capitata","T0","3.3","1","","SN11","CD",0,0,0,0,0,0,0,0,0,0,0,18277,0,0,0,0,0,0,0,0,0,0,0,0,0,0,0,0,0,0,22366,0,0
"168","SN110",369,"Ambient","Montipora_capitata","TF","3.3","4","","SN110","CD",0,0,0,0,0,0,0,0,0,0,0,20378,0,0,0,0,0,0,0,0,0,0,0,0,0,0,0,0,0,0,13692,0,0
"169","SN111",303,"High","Pocillopora_acuta","T0","4.9","2","","SN111","CCC",0,0,0,0,29673,0,0,0,0,0,0,0,0,0,0,0,0,0,0,0,0,0,0,0,0,0,0,0,0,0,0,0,0
"170","SN115",322,"Ambient","Porites_compressa","TF","1.5","4","","SN115","C15cj",0,0,19371,0,0,0,0,0,0,0,0,0,0,0,0,0,0,0,0,0,0,0,0,0,0,0,0,0,0,0,0,0,0
"171","SN117",319,"Ambient","Porites_compressa","T1","3.1","1","","SN117","C15cj",0,0,9815,0,0,0,0,0,0,0,0,0,0,0,0,0,0,0,0,0,0,0,0,0,0,0,0,0,0,0,0,0,0
"172","SN122",319,"Ambient","Porites_compressa","TF","3.1","4","","SN122","C15cj",0,0,18686,0,0,0,0,0,0,0,0,0,0,0,0,0,0,0,0,0,0,0,0,0,0,0,0,0,0,0,0,0,0
"173","SN124",318,"Ambient","Porites_compressa","T1","2.1","5","","SN124","C15n",0,12431,0,0,0,0,0,0,0,0,0,0,0,0,0,0,0,0,0,0,0,0,0,0,0,0,0,0,0,0,0,0,0
"174","SN126",366,"Ambient","Montipora_capitata","T1","7","4","","SN126","CD",0,0,0,0,0,0,0,0,0,6292,0,0,0,0,0,0,0,0,0,0,0,0,0,0,0,0,0,0,0,0,0,13314,0
"175","SN127",366,"Ambient","Montipora_capitata","T1","7","9","REMOVE","SN127","CD",0,0,0,0,0,0,0,0,0,0,0,5040,0,0,0,0,0,0,0,0,0,0,0,0,0,0,0,0,0,0,0,16524,0
"176","SN131",324,"Ambient","Porites_compressa","TF","0.8","9","","SN131","C15n",0,13183,0,0,0,0,0,0,0,0,0,0,0,0,0,0,0,0,0,0,0,0,0,0,0,0,0,0,0,0,0,0,0
"177","SN132",308,"Ambient","Pocillopora_acuta","TF","6.7","9","","SN132","CCC",0,0,0,0,22158,0,0,0,0,0,0,0,0,0,0,0,0,0,0,0,0,0,0,0,0,0,0,0,0,0,0,0,0
"178","SN134",319,"High","Porites_compressa","T1","3.1","2","Dup","SN134","C15cj",0,0,0,0,0,0,0,0,0,0,0,0,0,0,0,0,0,0,0,496,0,0,0,0,0,0,0,0,0,0,0,0,0
"179","SN134b",319,"High","Porites_compressa","T1","3.1","2","Dup","SN134b","C15cj",0,0,7854,0,0,0,0,0,0,0,0,0,0,0,0,0,0,0,0,0,0,0,0,0,0,0,0,0,0,0,0,0,0
"180","SN138",324,"High","Porites_compressa","TF","0.8","11","","SN138","C15n",0,16533,0,0,0,0,0,0,0,0,0,0,0,0,0,0,0,0,0,0,0,0,0,0,0,0,0,0,0,0,0,0,0
"181","SN141",366,"High","Montipora_capitata","TF","7","3","","SN141","CD",0,0,0,0,0,0,0,0,0,0,0,5543,0,0,0,0,0,0,0,0,0,0,0,0,0,0,0,0,0,0,0,18270,0
"182","SN145",374,"Ambient","Montipora_capitata","T0","3.2","4","","SN145","CD",0,0,0,11487,0,0,0,0,0,0,0,0,0,0,0,0,0,0,0,0,0,0,0,0,0,0,0,0,0,0,8927,0,0
"183","SN149",321,"Ambient","Porites_compressa","T1","1.3","5","","SN149","C15cj",0,0,10695,0,0,0,0,0,0,0,0,0,0,0,0,0,0,0,0,0,0,0,0,0,0,0,0,0,0,0,0,0,0
"184","SN150",364,"High","Montipora_capitata","T1","6","11","","SN150","CD",0,0,0,0,0,0,14018,0,0,0,0,0,0,0,0,0,0,0,0,0,0,0,0,0,0,0,0,0,0,0,9213,0,0
"185","SN152",374,"Ambient","Montipora_capitata","TF","3.2","8","","SN152","CD",0,0,0,16413,0,0,0,0,0,0,0,0,0,0,0,0,0,0,0,0,0,0,0,0,0,0,0,0,0,0,14258,0,0
"186","SN157",322,"High","Porites_compressa","T1","1.5","6","","SN157","C15cj",0,0,15626,0,0,0,0,0,0,0,0,0,0,0,0,0,0,0,0,0,0,0,0,0,0,0,0,0,0,0,0,0,0
"187","SN158",307,"Ambient","Pocillopora_acuta","TF","4.9","5","","SN158","CCC",0,0,0,0,22458,0,0,0,0,0,0,0,0,0,0,0,0,0,0,0,0,0,0,0,0,0,0,0,0,0,0,0,0
"188","SN161",313,"Ambient","Porites_compressa","T1","5.8","1","","SN161","C15n",0,15285,0,0,0,0,0,0,0,0,0,0,0,0,0,0,0,0,0,0,0,0,0,0,0,0,0,0,0,0,0,0,0
"189","SN169",305,"Ambient","Pocillopora_acuta","TF","6.1","5","","SN169","C42",0,0,0,0,0,0,0,0,10887,0,0,0,0,0,0,0,0,0,0,0,0,0,0,0,0,0,0,0,0,0,0,0,0
"190","SN170",307,"Ambient","Pocillopora_acuta","T1","4.9","1","","SN170","CCC",0,0,0,0,0,0,0,0,0,0,0,0,0,0,0,0,0,0,21959,0,0,0,0,0,0,0,0,0,0,0,0,0,0
"191","SN172",374,"Ambient","Montipora_capitata","T1","3.2","5","","SN172","CD",0,0,0,10141,0,0,0,0,0,0,0,0,0,0,0,0,0,0,0,0,0,0,0,0,0,0,0,0,0,0,9113,0,0
"192","SN18",301,"High","Pocillopora_acuta","T0","4.9","3","","SN18","CCC",0,0,0,0,25349,0,0,0,0,0,0,0,0,0,0,0,0,0,0,0,0,0,0,0,0,0,0,0,0,0,0,0,0
"193","SN181",316,"Ambient","Porites_compressa","T1","2","9","","SN181","C15n",0,12953,0,0,0,0,0,0,0,0,0,0,0,0,0,0,0,0,0,0,0,0,0,0,0,0,0,0,0,0,0,0,0
"194","SN183",363,"Ambient","Montipora_capitata","TF","5.4","1","","SN183","C",0,0,0,0,0,0,23173,0,0,0,0,0,0,0,0,0,0,0,0,0,0,0,0,0,0,0,0,0,0,0,0,0,0
"195","SN184",363,"Ambient","Montipora_capitata","T1","5.4","9","","SN184","C",0,0,0,0,0,0,16640,0,0,0,0,0,0,0,0,0,0,0,0,0,0,0,0,0,0,0,0,0,0,0,0,0,0
"196","SN189",313,"Ambient","Porites_compressa","TF","5.8","4","","SN189","C15n",0,19618,0,0,0,0,0,0,0,0,0,0,0,0,0,0,0,0,0,0,0,0,0,0,0,0,0,0,0,0,0,0,0
"197","SN19",319,"Ambient","Porites_compressa","T0","3.1","5","","SN19","C15cj",0,0,19949,0,0,0,0,0,0,0,0,0,0,0,0,0,0,0,0,0,0,0,0,0,0,0,0,0,0,0,0,0,0
"198","SN190",366,"High","Montipora_capitata","T1","7","2","","SN190","CD",0,0,0,0,0,0,0,0,0,5425,0,0,0,0,0,0,0,0,0,0,0,0,0,0,0,0,0,0,0,0,10201,0,0
"199","SN191",353,"Ambient","Pavona_varians","TF","3.6","4","","SN191","C1",0,0,0,0,0,0,0,0,0,0,20753,0,0,0,0,0,0,0,0,0,0,0,0,0,0,0,0,0,0,0,0,0,0
"200","SN192",373,"Ambient","Montipora_capitata","T1","5.3","8","Dup","SN192","C",0,0,0,0,0,0,0,0,0,20630,0,0,0,0,0,0,0,0,0,0,0,0,0,0,0,0,0,0,0,0,0,0,0
"201","SN192b",373,"Ambient","Montipora_capitata","T1","5.3","8","Dup","SN192b","C",0,0,0,0,0,0,0,0,0,0,0,0,0,0,0,0,0,0,0,0,0,0,0,0,0,0,0,2176,0,0,0,0,0
"202","SN197",309,"Ambient","Pocillopora_acuta","T1","5.5","8","","SN197","C42",0,0,0,0,0,0,0,0,10324,0,0,0,0,0,0,0,0,0,0,0,0,0,0,0,0,0,0,0,0,0,0,0,0
"203","SN198",305,"Ambient","Pocillopora_acuta","T1","6.1","9","Dup","SN198","C42",0,0,0,0,0,0,0,0,9553,0,0,0,0,0,0,0,0,0,0,0,0,0,0,0,0,0,0,0,0,0,0,0,0
"204","SN198b",305,"Ambient","Pocillopora_acuta","T1","6.1","9","Dup","SN198b","C42",0,0,0,0,0,0,0,0,0,0,0,0,0,0,0,0,0,0,6530,0,0,0,0,0,0,0,0,0,0,0,0,0,0
"205","SN2",306,"Ambient","Pocillopora_acuta","T0","6.1","11","","SN2","CCC",0,0,0,0,0,27316,0,0,0,0,0,0,0,0,0,0,0,0,0,0,0,0,0,0,0,0,0,0,0,0,0,0,0
"206","SN205",320,"Ambient","Porites_compressa","TF","0.8","5","","SN205","C15cj",0,0,17131,0,0,0,0,0,0,0,0,0,0,0,0,0,0,0,0,0,0,0,0,0,0,0,0,0,0,0,0,0,0
"207","SN208",367,"Ambient","Montipora_capitata","TF","5.8","8","","SN208","C",0,0,0,30769,0,0,0,0,0,0,0,0,0,0,0,0,0,0,0,0,0,0,0,0,0,0,0,0,0,0,0,0,0
"208","SN209",301,"Ambient","Pocillopora_acuta","T1","4.9","4","Dup","SN209","CCC",0,0,0,0,0,27387,0,0,0,0,0,0,0,0,0,0,0,0,0,0,0,0,0,0,0,0,0,0,0,0,0,0,0
"209","SN209b",301,"Ambient","Pocillopora_acuta","T1","4.9","4","Dup","SN209b","CCC",0,0,0,0,0,0,0,0,0,0,0,0,0,0,0,0,0,0,0,0,0,0,0,0,0,0,0,0,0,0,0,0,0
"210","SN21",372,"Ambient","Montipora_capitata","T0","5.6","1","","SN21","C",0,0,0,0,0,0,0,0,0,0,0,0,26252,0,0,0,0,0,0,0,0,0,0,0,0,0,0,0,0,0,0,0,0
"211","SN211",316,"Ambient","Porites_compressa","TF","2","8","","SN211","C15n",0,19943,0,0,0,0,0,0,0,0,0,0,0,0,0,0,0,0,0,0,0,0,0,0,0,0,0,0,0,0,0,0,0
"212","SN217b",361,"Ambient","Pavona_varians","TF","6.8","8","Dup","SN217b","C1",0,0,0,0,0,0,0,0,0,0,0,0,0,0,0,18104,0,0,0,0,0,0,0,0,0,0,0,0,0,0,0,0,0
"213","SN223",371,"Ambient","Montipora_capitata","TF","3.4","8","","SN223","C",0,0,0,23001,0,0,0,0,0,0,0,0,0,0,0,0,0,0,0,0,0,0,0,0,0,0,0,0,0,0,0,0,0
"214","SN25",323,"Ambient","Porites_compressa","T0","1","4","","SN25","C15n",0,17515,0,0,0,0,0,0,0,0,0,0,0,0,0,0,0,0,0,0,0,0,0,0,0,0,0,0,0,0,0,0,0
"215","SN3",322,"Ambient","Porites_compressa","T0","1.5","8","","SN3","C15cj",0,0,14563,0,0,0,0,0,0,0,0,0,0,0,0,0,0,0,0,0,0,0,0,0,0,0,0,0,0,0,0,0,0
"216","SN30",307,"Ambient","Pocillopora_acuta","T0","4.9","4","","SN30","CCC",0,0,0,0,0,0,0,0,0,0,0,0,0,0,0,0,0,0,24037,0,0,0,0,0,0,0,0,0,0,0,0,0,0
"217","SN33",364,"High","Montipora_capitata","T0","6","7","","SN33","CD",0,0,0,0,0,0,8076,0,0,0,0,0,0,0,0,0,0,0,0,0,0,0,0,0,0,0,0,0,0,0,12753,0,0
"218","SN35",353,"Ambient","Pavona_varians","T0","3.6","11","","SN35","C1",0,0,0,0,0,0,0,0,0,0,25538,0,0,0,0,0,0,0,0,0,0,0,0,0,0,0,0,0,0,0,0,0,0
"219","SN37",322,"Ambient","Porites_compressa","T1","1.5","1","","SN37","C15cj",0,0,14299,0,0,0,0,0,0,0,0,0,0,0,0,0,0,0,0,0,0,0,0,0,0,0,0,0,0,0,0,0,0
"220","SN38",371,"Ambient","Montipora_capitata","T0","3.4","8","","SN38","C",0,0,0,19673,0,0,0,0,0,0,0,0,0,0,0,0,0,0,0,0,445,0,0,0,0,0,0,0,0,0,0,217,0
"221","SN4",308,"Ambient","Pocillopora_acuta","T0","6.7","9","","SN4","CCC",0,0,0,0,23647,0,0,0,0,0,0,0,0,0,0,0,0,0,0,0,0,0,0,0,0,0,0,0,0,0,0,0,0
"222","SN40",365,"High","Montipora_capitata","T0","6.7","3","","SN40","CD",0,0,0,11656,0,0,0,0,0,0,0,0,0,0,0,0,0,0,0,0,0,0,0,0,0,0,0,0,0,0,9396,0,0
"223","SN42",364,"Ambient","Montipora_capitata","TF","6","5","","SN42","CD",0,0,0,0,0,0,11509,0,0,0,0,0,0,0,0,0,0,0,0,0,0,0,0,0,0,0,0,0,0,0,12112,0,0
"224","SN45",369,"Ambient","Montipora_capitata","T1","3.3","1","","SN45","CD",0,0,0,0,0,0,0,0,0,0,0,12884,0,0,0,0,0,0,0,0,0,0,0,0,0,0,0,0,0,0,8309,0,0
"225","SN47",316,"High","Porites_compressa","T0","2","6","","SN47","C15n",0,15464,0,0,0,0,0,0,0,0,0,0,0,0,0,0,0,0,0,0,0,0,0,0,0,0,0,0,0,0,0,0,0
"226","SN49",317,"High","Porites_compressa","T0","2.2","2","Dup","S49","C15cj",0,0,19237,0,0,0,0,0,0,0,0,0,0,0,0,0,0,0,0,0,0,0,0,0,0,0,0,0,0,0,0,0,0
"227","SN49b",372,"Ambient","Montipora_capitata","T1","5.6","4","Dup","SN49","C",0,0,0,0,0,0,0,0,0,0,0,0,17160,0,0,0,0,0,0,0,0,0,0,0,0,0,0,0,0,0,0,0,0
"228","SN50",324,"Ambient","Porites_compressa","T0","0.8","5","","SN50","C15n",0,16036,0,0,0,0,0,0,0,0,0,0,0,0,0,0,0,0,0,0,0,0,0,0,0,0,0,0,0,0,0,0,0
"229","SN55",318,"High","Porites_compressa","TF","2.1","6","","SN55","C15n",0,17075,0,0,0,0,0,0,0,0,0,0,0,0,0,0,0,0,0,0,0,0,0,0,0,0,0,0,0,0,0,0,0
"230","SN56",309,"Ambient","Pocillopora_acuta","T0","5.5","1","","SN56","C42",0,0,0,0,0,0,0,0,14065,0,0,0,0,0,0,0,0,0,0,0,0,0,0,0,0,0,0,0,0,0,0,0,0
"231","SN6",310,"Ambient","Pocillopora_acuta","T0","4","8","","SN6","CCC",0,0,0,0,23371,0,0,0,0,0,0,0,0,0,0,0,0,0,0,0,0,0,0,0,0,0,0,0,0,0,0,0,0
"232","SN60",318,"High","Porites_compressa","T0","2.1","7","","SN60","C15n",0,22143,0,0,0,0,0,0,0,0,0,0,0,0,0,0,0,0,0,0,0,0,0,0,0,0,0,0,0,0,0,0,0
"233","SN63",364,"Ambient","Montipora_capitata","T1","6","4","","SN63","CD",0,0,0,0,0,0,8104,0,0,0,0,0,0,0,0,0,0,0,0,0,0,0,0,0,0,0,0,0,0,0,8366,0,0
"234","SN64",360,"High","Pavona_varians","T0","2","8","","SN84","C27",20411,0,0,0,0,0,0,0,0,0,0,0,0,0,0,0,0,0,0,0,0,0,0,0,0,0,0,0,0,0,0,0,0
"235","SN7",321,"Ambient","Porites_compressa","T0","1.3","1","","SN7","C15cj",0,0,15237,0,0,0,0,0,0,0,0,0,0,0,0,0,0,0,0,0,0,0,0,0,0,0,0,0,0,0,0,0,0
"236","SN70",313,"High","Porites_compressa","T0","5.8","11","","SN70","C15n",0,17802,0,0,0,0,0,0,0,0,0,0,0,0,0,0,0,0,0,0,0,0,0,0,0,0,0,0,0,0,0,0,0
"237","SN72",368,"High","Montipora_capitata","T0","3.7","7","","SN72","CD",0,0,0,0,0,0,0,0,0,0,0,0,0,0,11579,0,0,0,0,0,0,0,0,0,0,0,0,0,0,0,5760,0,0
"238","SN77",314,"Ambient","Porites_compressa","TF","2.1","1","","SN77","C15cj",0,0,20438,0,0,0,0,0,0,0,0,0,0,0,0,0,0,0,0,0,0,0,0,0,0,0,0,0,0,0,0,0,0
"239","SN78",324,"Ambient","Porites_compressa","T1","0.8","8","","SN78","C15n",0,12125,0,0,0,0,0,0,0,0,0,0,0,0,0,0,0,0,0,0,0,0,0,0,0,0,0,0,0,0,0,0,0
"240","SN82",373,"Ambient","Montipora_capitata","T0","5.3","5","","SN82","C",0,0,0,0,0,0,0,0,0,19739,0,0,0,0,0,0,0,0,0,0,0,0,0,0,0,0,0,0,0,0,0,0,0
"241","SN84",366,"High","Montipora_capitata","T0","7","6","","SN64","CD",0,0,0,0,0,0,0,0,0,5675,0,0,0,0,0,0,0,0,0,0,0,0,0,0,0,0,0,0,0,0,0,14533,0
"242","SN85",311,"Ambient","Pocillopora_acuta","T0","7.3","4","","SN85","C42",0,0,0,0,0,0,0,0,0,0,0,0,0,0,0,0,23123,0,0,0,0,0,0,0,0,0,0,0,0,0,0,0,0
"243","SN87",305,"High","Pocillopora_acuta","T0","6.1","3","","SN87","C42",0,0,0,0,0,0,0,0,8157,0,0,0,0,0,0,0,0,0,0,0,0,0,0,0,0,0,0,0,0,0,0,0,0
"244","SN89",311,"Ambient","Pocillopora_acuta","T1","7.3","4","","SN89","C42",0,0,0,0,0,0,0,0,0,0,0,0,0,0,0,0,18117,0,0,0,0,0,0,0,0,0,0,0,0,0,0,0,0
"245","SN9",363,"High","Montipora_capitata","T0","5.4","11","","SN9","C",0,0,0,0,0,0,20250,0,0,0,0,0,0,0,0,0,0,0,0,0,0,0,0,0,0,0,0,0,0,0,0,0,0
"246","SN92",368,"Ambient","Montipora_capitata","T1","3.7","8","","SN92","CD",0,0,0,0,0,0,0,0,0,0,0,0,0,0,13159,0,0,0,0,0,0,0,0,0,0,0,0,0,0,0,5294,0,0
"247","SN94",367,"High","Montipora_capitata","T0","5.8","2","","SN94","C",0,0,0,21344,0,0,0,0,0,0,0,0,0,0,0,0,0,0,0,0,0,0,0,0,0,0,0,0,0,0,0,0,0
"248","SN96",368,"Ambient","Montipora_capitata","TF","3.7","9","","SN96","CD",0,0,0,0,0,0,0,0,0,0,0,0,0,0,15362,0,0,0,0,0,693,0,0,0,0,0,0,0,0,0,8550,0,0
"249","SN98",317,"Ambient","Porites_compressa","TF","2.2","9","","SN98","C15cj",0,0,20916,0,0,0,0,0,0,0,0,0,0,0,0,0,0,0,0,0,0,0,0,0,0,0,0,0,0,0,0,0,0
"250","SN98b",317,"Ambient","Porites_compressa","TF","2.2","9","","SN98b","C15cj",0,0,13766,0,0,0,0,0,0,0,0,0,0,0,0,0,0,0,0,0,0,0,0,0,0,0,0,0,0,0,0,0,0
