"","taxa_id","W","detected_0.9","detected_0.8","detected_0.7","detected_0.6","Domain","Phylum","Order","Class","Family","Genus"
"1","Otu00001",0,FALSE,FALSE,FALSE,FALSE,"Bacteria","Proteobacteria","Gammaproteobacteria","Oceanospirillales","Endozoicomonadaceae","Endozoicomonas"
"2","Otu00001",0,FALSE,FALSE,FALSE,FALSE,"Bacteria","Proteobacteria","Gammaproteobacteria","Oceanospirillales","Endozoicomonadaceae","Endozoicomonas"
"3","Otu00002",0,FALSE,FALSE,FALSE,FALSE,"Bacteria","Proteobacteria","Gammaproteobacteria","Oceanospirillales","Endozoicomonadaceae","Endozoicomonas"
"4","Otu00002",0,FALSE,FALSE,FALSE,FALSE,"Bacteria","Proteobacteria","Gammaproteobacteria","Oceanospirillales","Endozoicomonadaceae","Endozoicomonas"
"5","Otu00004",0,FALSE,FALSE,FALSE,FALSE,"Bacteria","Proteobacteria","Deltaproteobacteria","Myxococcales","P3OB-42","P3OB-42_ge"
"6","Otu00004",0,FALSE,FALSE,FALSE,FALSE,"Bacteria","Proteobacteria","Deltaproteobacteria","Myxococcales","P3OB-42","P3OB-42_ge"
"7","Otu00006",0,FALSE,FALSE,FALSE,FALSE,"Bacteria","Proteobacteria","Gammaproteobacteria","Oceanospirillales","Endozoicomonadaceae","Endozoicomonas"
"8","Otu00006",0,FALSE,FALSE,FALSE,FALSE,"Bacteria","Proteobacteria","Gammaproteobacteria","Oceanospirillales","Endozoicomonadaceae","Endozoicomonas"
"9","Otu00011",0,FALSE,FALSE,FALSE,FALSE,"Bacteria","Bacteroidetes","Bacteroidia","Cytophagales","Amoebophilaceae","Candidatus_Amoebophilus"
"10","Otu00013",0,FALSE,FALSE,FALSE,FALSE,"Bacteria","Proteobacteria","Deltaproteobacteria","Myxococcales","P3OB-42","P3OB-42_ge"
"11","Otu00013",0,FALSE,FALSE,FALSE,FALSE,"Bacteria","Proteobacteria","Deltaproteobacteria","Myxococcales","P3OB-42","P3OB-42_ge"
"12","Otu00015",0,FALSE,FALSE,FALSE,FALSE,"Bacteria","Cyanobacteria","Oxyphotobacteria","Phormidesmiales","Nodosilineaceae","MBIC10086"
"13","Otu00015",0,FALSE,FALSE,FALSE,FALSE,"Bacteria","Cyanobacteria","Oxyphotobacteria","Phormidesmiales","Nodosilineaceae","MBIC10086"
"14","Otu00019",0,FALSE,FALSE,FALSE,FALSE,"Bacteria","Cyanobacteria","Oxyphotobacteria","Synechococcales","Cyanobiaceae","Synechococcus_CC9902"
"15","Otu00019",0,FALSE,FALSE,FALSE,FALSE,"Bacteria","Cyanobacteria","Oxyphotobacteria","Synechococcales","Cyanobiaceae","Synechococcus_CC9902"
"16","Otu00023",0,FALSE,FALSE,FALSE,FALSE,"Bacteria","Proteobacteria","Gammaproteobacteria","Oceanospirillales","Endozoicomonadaceae","Endozoicomonas"
"17","Otu00025",0,FALSE,FALSE,FALSE,FALSE,"Bacteria","Proteobacteria","Alphaproteobacteria","Rhodobacterales","Rhodobacteraceae","Ruegeria"
"18","Otu00025",324,FALSE,TRUE,TRUE,TRUE,"Bacteria","Proteobacteria","Alphaproteobacteria","Rhodobacterales","Rhodobacteraceae","Ruegeria"
"19","Otu00031",0,FALSE,FALSE,FALSE,FALSE,"Bacteria","Proteobacteria","Gammaproteobacteria","Oceanospirillales","Endozoicomonadaceae","Endozoicomonas"
"20","Otu00031",0,FALSE,FALSE,FALSE,FALSE,"Bacteria","Proteobacteria","Gammaproteobacteria","Oceanospirillales","Endozoicomonadaceae","Endozoicomonas"
"21","Otu00047",0,FALSE,FALSE,FALSE,FALSE,"Bacteria","Proteobacteria","Alphaproteobacteria","Rhodobacterales","Rhodobacteraceae","Ruegeria"
"22","Otu00048",0,FALSE,FALSE,FALSE,FALSE,"Bacteria","Cyanobacteria","Oxyphotobacteria","Oxyphotobacteria_unclassified","Oxyphotobacteria_unclassified","Oxyphotobacteria_unclassified"
"23","Otu00052",0,FALSE,FALSE,FALSE,FALSE,"Bacteria","Epsilonbacteraeota","Campylobacteria","Campylobacterales","Arcobacteraceae","Arcobacter"
"24","Otu00055",0,FALSE,FALSE,FALSE,FALSE,"Bacteria","Proteobacteria","Gammaproteobacteria","Alteromonadales","Pseudoalteromonadaceae","Algicola"
"25","Otu00058",137,TRUE,TRUE,TRUE,TRUE,"Bacteria","Bacteroidetes","Chlorobia","Chlorobiales","Chlorobiaceae","Prosthecochloris"
"26","Otu00062",372,TRUE,TRUE,TRUE,TRUE,"Bacteria","Proteobacteria","Gammaproteobacteria","Alteromonadales","Alteromonadaceae","Alteromonas"
"27","Otu00062",0,FALSE,FALSE,FALSE,FALSE,"Bacteria","Proteobacteria","Gammaproteobacteria","Alteromonadales","Alteromonadaceae","Alteromonas"
"28","Otu00068",0,FALSE,FALSE,FALSE,FALSE,"Bacteria","Proteobacteria","Alphaproteobacteria","Alphaproteobacteria_unclassified","Alphaproteobacteria_unclassified","Alphaproteobacteria_unclassified"
"29","Otu00068",0,FALSE,FALSE,FALSE,FALSE,"Bacteria","Proteobacteria","Alphaproteobacteria","Alphaproteobacteria_unclassified","Alphaproteobacteria_unclassified","Alphaproteobacteria_unclassified"
"30","Otu00072",0,FALSE,FALSE,FALSE,FALSE,"Bacteria","Proteobacteria","Alphaproteobacteria","Kordiimonadales","Kordiimonadales_Incertae_Sedis","Eilatimonas"
"31","Otu00073",0,FALSE,FALSE,FALSE,FALSE,"Bacteria","Proteobacteria","Alphaproteobacteria","Rhodobacterales","Rhodobacteraceae","Rhodobacteraceae_unclassified"
"32","Otu00074",0,FALSE,FALSE,FALSE,FALSE,"Bacteria","Proteobacteria","Alphaproteobacteria","Rhodobacterales","Rhodobacteraceae","Shimia"
"33","Otu00078",0,FALSE,FALSE,FALSE,FALSE,"Bacteria","Proteobacteria","Gammaproteobacteria","Oceanospirillales","Endozoicomonadaceae","Endozoicomonas"
"34","Otu00079",0,FALSE,FALSE,FALSE,FALSE,"Bacteria","Proteobacteria","Alphaproteobacteria","Thalassobaculales","uncultured","uncultured_ge"
"35","Otu00080",0,FALSE,FALSE,FALSE,FALSE,"Bacteria","Proteobacteria","Gammaproteobacteria","Alteromonadales","Pseudoalteromonadaceae","Pseudoalteromonas"
"36","Otu00080",0,FALSE,FALSE,FALSE,FALSE,"Bacteria","Proteobacteria","Gammaproteobacteria","Alteromonadales","Pseudoalteromonadaceae","Pseudoalteromonas"
"37","Otu00084",0,FALSE,FALSE,FALSE,FALSE,"Bacteria","Proteobacteria","Alphaproteobacteria","Rhodospirillales","Thalassospiraceae","Thalassospira"
"38","Otu00090",0,FALSE,FALSE,FALSE,FALSE,"Bacteria","Actinobacteria","Actinobacteria","Micrococcales","Micrococcaceae","Paeniglutamicibacter"
"39","Otu00090",0,FALSE,FALSE,FALSE,FALSE,"Bacteria","Actinobacteria","Actinobacteria","Micrococcales","Micrococcaceae","Paeniglutamicibacter"
"40","Otu00091",0,FALSE,FALSE,FALSE,FALSE,"Bacteria","Actinobacteria","Actinobacteria","Micrococcales","Micrococcaceae","Arthrobacter"
"41","Otu00091",0,FALSE,FALSE,FALSE,FALSE,"Bacteria","Actinobacteria","Actinobacteria","Micrococcales","Micrococcaceae","Arthrobacter"
"42","Otu00092",0,FALSE,FALSE,FALSE,FALSE,"Bacteria","Proteobacteria","Deltaproteobacteria","Myxococcales","Nannocystaceae","uncultured"
"43","Otu00092",142,TRUE,TRUE,TRUE,TRUE,"Bacteria","Proteobacteria","Deltaproteobacteria","Myxococcales","Nannocystaceae","uncultured"
"44","Otu00093",0,FALSE,FALSE,FALSE,FALSE,"Bacteria","Cyanobacteria","Oxyphotobacteria","Nostocales","Nostocaceae","Rivularia_PCC-7116"
"45","Otu00096",0,FALSE,FALSE,FALSE,FALSE,"Bacteria","Proteobacteria","Alphaproteobacteria","Rhodobacterales","Rhodobacteraceae","Rhodobacteraceae_unclassified"
"46","Otu00096",0,FALSE,FALSE,FALSE,FALSE,"Bacteria","Proteobacteria","Alphaproteobacteria","Rhodobacterales","Rhodobacteraceae","Rhodobacteraceae_unclassified"
"47","Otu00097",0,FALSE,FALSE,FALSE,FALSE,"Bacteria","Proteobacteria","Gammaproteobacteria","Oceanospirillales","Endozoicomonadaceae","Endozoicomonas"
"48","Otu00097",0,FALSE,FALSE,FALSE,FALSE,"Bacteria","Proteobacteria","Gammaproteobacteria","Oceanospirillales","Endozoicomonadaceae","Endozoicomonas"
"49","Otu00101",238,FALSE,FALSE,FALSE,FALSE,"Bacteria","Proteobacteria","Gammaproteobacteria","Alteromonadales","Alteromonadales_unclassified","Alteromonadales_unclassified"
"50","Otu00102",0,FALSE,FALSE,FALSE,FALSE,"Bacteria","Proteobacteria","Gammaproteobacteria","Alteromonadales","Pseudoalteromonadaceae","Pseudoalteromonas"
"51","Otu00102",345,FALSE,TRUE,TRUE,TRUE,"Bacteria","Proteobacteria","Gammaproteobacteria","Alteromonadales","Pseudoalteromonadaceae","Pseudoalteromonas"
"52","Otu00104",0,FALSE,FALSE,FALSE,FALSE,"Bacteria","Proteobacteria","Alphaproteobacteria","Caulobacterales","Hyphomonadaceae","Hyphomonadaceae_unclassified"
"53","Otu00104",0,FALSE,FALSE,FALSE,FALSE,"Bacteria","Proteobacteria","Alphaproteobacteria","Caulobacterales","Hyphomonadaceae","Hyphomonadaceae_unclassified"
"54","Otu00105",0,FALSE,FALSE,FALSE,FALSE,"Bacteria","Proteobacteria","Deltaproteobacteria","Myxococcales","BIrii41","BIrii41_ge"
"55","Otu00105",0,FALSE,FALSE,FALSE,FALSE,"Bacteria","Proteobacteria","Deltaproteobacteria","Myxococcales","BIrii41","BIrii41_ge"
"56","Otu00109",0,FALSE,FALSE,FALSE,FALSE,"Bacteria","Proteobacteria","Gammaproteobacteria","Oceanospirillales","Endozoicomonadaceae","Endozoicomonas"
"57","Otu00109",0,FALSE,FALSE,FALSE,FALSE,"Bacteria","Proteobacteria","Gammaproteobacteria","Oceanospirillales","Endozoicomonadaceae","Endozoicomonas"
"58","Otu00112",0,FALSE,FALSE,FALSE,FALSE,"Bacteria","Proteobacteria","Gammaproteobacteria","Vibrionales","Vibrionaceae","Catenococcus"
"59","Otu00114",0,FALSE,FALSE,FALSE,FALSE,"Bacteria","Proteobacteria","Alphaproteobacteria","Rhodobacterales","Rhodobacteraceae","Thalassobius"
"60","Otu00115",0,FALSE,FALSE,FALSE,FALSE,"Bacteria","Actinobacteria","Acidimicrobiia","Actinomarinales","Actinomarinaceae","Candidatus_Actinomarina"
"61","Otu00115",0,FALSE,FALSE,FALSE,FALSE,"Bacteria","Actinobacteria","Acidimicrobiia","Actinomarinales","Actinomarinaceae","Candidatus_Actinomarina"
"62","Otu00116",0,FALSE,FALSE,FALSE,FALSE,"Bacteria","Proteobacteria","Gammaproteobacteria","Francisellales","Francisellaceae","Francisellaceae_ge"
"63","Otu00117",0,FALSE,FALSE,FALSE,FALSE,"Bacteria","Bacteroidetes","Bacteroidia","Bacteroidia_unclassified","Bacteroidia_unclassified","Bacteroidia_unclassified"
"64","Otu00127",0,FALSE,FALSE,FALSE,FALSE,"Bacteria","Proteobacteria","Alphaproteobacteria","Caulobacterales","Hyphomonadaceae","Hyphomonadaceae_unclassified"
"65","Otu00132",0,FALSE,FALSE,FALSE,FALSE,"Bacteria","Proteobacteria","Deltaproteobacteria","Desulfobacterales","Desulfobacteraceae","Desulfobacter"
"66","Otu00132",0,FALSE,FALSE,FALSE,FALSE,"Bacteria","Proteobacteria","Deltaproteobacteria","Desulfobacterales","Desulfobacteraceae","Desulfobacter"
"67","Otu00139",0,FALSE,FALSE,FALSE,FALSE,"Bacteria","Bacteroidetes","Bacteroidia","Cytophagales","Cyclobacteriaceae","uncultured"
"68","Otu00139",0,FALSE,FALSE,FALSE,FALSE,"Bacteria","Bacteroidetes","Bacteroidia","Cytophagales","Cyclobacteriaceae","uncultured"
"69","Otu00141",0,FALSE,FALSE,FALSE,FALSE,"Bacteria","Bacteroidetes","Bacteroidia","Flavobacteriales","Flavobacteriaceae","Muricauda"
"70","Otu00142",0,FALSE,FALSE,FALSE,FALSE,"Bacteria","Proteobacteria","Alphaproteobacteria","Rhodospirillales","AEGEAN-169_marine_group","AEGEAN-169_marine_group_ge"
"71","Otu00142",0,FALSE,FALSE,FALSE,FALSE,"Bacteria","Proteobacteria","Alphaproteobacteria","Rhodospirillales","AEGEAN-169_marine_group","AEGEAN-169_marine_group_ge"
"72","Otu00146",0,FALSE,FALSE,FALSE,FALSE,"Bacteria","Cyanobacteria","Oxyphotobacteria","Nostocales","Paraspirulinaceae","Spirulina_P7"
"73","Otu00151",0,FALSE,FALSE,FALSE,FALSE,"Bacteria","Firmicutes","Bacilli","Bacillales","Staphylococcaceae","Staphylococcus"
"74","Otu00151",0,FALSE,FALSE,FALSE,FALSE,"Bacteria","Firmicutes","Bacilli","Bacillales","Staphylococcaceae","Staphylococcus"
"75","Otu00153",0,FALSE,FALSE,FALSE,FALSE,"Bacteria","Proteobacteria","Alphaproteobacteria","Rhizobiales","Stappiaceae","Labrenzia"
"76","Otu00155",0,FALSE,FALSE,FALSE,FALSE,"Bacteria","Proteobacteria","Alphaproteobacteria","Caulobacterales","Hyphomonadaceae","uncultured"
"77","Otu00156",0,FALSE,FALSE,FALSE,FALSE,"Bacteria","Bacteroidetes","Bacteroidia","Chitinophagales","Saprospiraceae","uncultured"
"78","Otu00163",0,FALSE,FALSE,FALSE,FALSE,"Bacteria","Proteobacteria","Alphaproteobacteria","SAR11_clade","Clade_I","Clade_Ia"
"79","Otu00163",0,FALSE,FALSE,FALSE,FALSE,"Bacteria","Proteobacteria","Alphaproteobacteria","SAR11_clade","Clade_I","Clade_Ia"
"80","Otu00167",0,FALSE,FALSE,FALSE,FALSE,"Bacteria","Proteobacteria","Gammaproteobacteria","Vibrionales","Vibrionaceae","Vibrio"
"81","Otu00172",0,FALSE,FALSE,FALSE,FALSE,"Bacteria","Proteobacteria","Gammaproteobacteria","Pseudomonadales","Pseudomonadaceae","Pseudomonas"
"82","Otu00174",0,FALSE,FALSE,FALSE,FALSE,"Bacteria","Proteobacteria","Gammaproteobacteria","Oceanospirillales","Nitrincolaceae","Neptuniibacter"
"83","Otu00179",0,FALSE,FALSE,FALSE,FALSE,"Bacteria","Proteobacteria","Gammaproteobacteria","Gammaproteobacteria_unclassified","Gammaproteobacteria_unclassified","Gammaproteobacteria_unclassified"
"84","Otu00193",0,FALSE,FALSE,FALSE,FALSE,"Bacteria","Firmicutes","Bacilli","Bacillales","Staphylococcaceae","Staphylococcus"
"85","Otu00194",0,FALSE,FALSE,FALSE,FALSE,"Bacteria","Cyanobacteria","Oxyphotobacteria","Synechococcales","Cyanobiaceae","Cyanobium_PCC-6307"
"86","Otu00196",0,FALSE,FALSE,FALSE,FALSE,"Bacteria","Proteobacteria","Gammaproteobacteria","Cellvibrionales","Cellvibrionaceae","Cellvibrionaceae_unclassified"
"87","Otu00196",0,FALSE,FALSE,FALSE,FALSE,"Bacteria","Proteobacteria","Gammaproteobacteria","Cellvibrionales","Cellvibrionaceae","Cellvibrionaceae_unclassified"
"88","Otu00197",0,FALSE,FALSE,FALSE,FALSE,"Bacteria","Proteobacteria","Alphaproteobacteria","Rhodobacterales","Rhodobacteraceae","Thalassobius"
"89","Otu00198",0,FALSE,FALSE,FALSE,FALSE,"Bacteria","Bacteroidetes","Bacteroidia","Flavobacteriales","Flavobacteriaceae","Aquimarina"
"90","Otu00201",0,FALSE,FALSE,FALSE,FALSE,"Bacteria","Proteobacteria","Alphaproteobacteria","Rhodobacterales","Rhodobacteraceae","Rhodobacteraceae_unclassified"
"91","Otu00202",0,FALSE,FALSE,FALSE,FALSE,"Bacteria","Proteobacteria","Gammaproteobacteria","Oceanospirillales","Endozoicomonadaceae","Endozoicomonas"
"92","Otu00203",0,FALSE,FALSE,FALSE,FALSE,"Bacteria","Proteobacteria","Gammaproteobacteria","Gammaproteobacteria_unclassified","Gammaproteobacteria_unclassified","Gammaproteobacteria_unclassified"
"93","Otu00206",0,FALSE,FALSE,FALSE,FALSE,"Bacteria","Bacteroidetes","Bacteroidia","Flavobacteriales","Flavobacteriaceae","Muricauda"
"94","Otu00208",0,FALSE,FALSE,FALSE,FALSE,"Bacteria","Proteobacteria","Gammaproteobacteria","Alteromonadales","Colwelliaceae","Thalassotalea"
"95","Otu00219",0,FALSE,FALSE,FALSE,FALSE,"Bacteria","Proteobacteria","Gammaproteobacteria","Oceanospirillales","Endozoicomonadaceae","Endozoicomonas"
"96","Otu00222",0,FALSE,FALSE,FALSE,FALSE,"Bacteria","Proteobacteria","Gammaproteobacteria","Alteromonadales","Colwelliaceae","Thalassotalea"
"97","Otu00224",0,FALSE,FALSE,FALSE,FALSE,"Bacteria","Proteobacteria","Gammaproteobacteria","SAR86_clade","SAR86_clade_fa","SAR86_clade_ge"
"98","Otu00224",0,FALSE,FALSE,FALSE,FALSE,"Bacteria","Proteobacteria","Gammaproteobacteria","SAR86_clade","SAR86_clade_fa","SAR86_clade_ge"
"99","Otu00226",0,FALSE,FALSE,FALSE,FALSE,"Bacteria","Proteobacteria","Gammaproteobacteria","Gammaproteobacteria_unclassified","Gammaproteobacteria_unclassified","Gammaproteobacteria_unclassified"
"100","Otu00226",0,FALSE,FALSE,FALSE,FALSE,"Bacteria","Proteobacteria","Gammaproteobacteria","Gammaproteobacteria_unclassified","Gammaproteobacteria_unclassified","Gammaproteobacteria_unclassified"
"101","Otu00227",0,FALSE,FALSE,FALSE,FALSE,"Bacteria","Proteobacteria","Alphaproteobacteria","Rhizobiales","Stappiaceae","Stappiaceae_unclassified"
"102","Otu00228",0,FALSE,FALSE,FALSE,FALSE,"Bacteria","Bacteroidetes","Bacteroidia","Flavobacteriales","Flavobacteriaceae","Dokdonia"
"103","Otu00231",0,FALSE,FALSE,FALSE,FALSE,"Bacteria","Proteobacteria","Alphaproteobacteria","SAR11_clade","Clade_I","Clade_Ia"
"104","Otu00233",0,FALSE,FALSE,FALSE,FALSE,"Bacteria","Proteobacteria","Alphaproteobacteria","Rhizobiales","Rhizobiaceae","Lentilitoribacter"
"105","Otu00234",0,FALSE,FALSE,FALSE,FALSE,"Bacteria","Proteobacteria","Alphaproteobacteria","Rhizobiales","Rhizobiaceae","uncultured"
"106","Otu00238",0,FALSE,FALSE,FALSE,FALSE,"Bacteria","Proteobacteria","Alphaproteobacteria","Alphaproteobacteria_unclassified","Alphaproteobacteria_unclassified","Alphaproteobacteria_unclassified"
"107","Otu00239",0,FALSE,FALSE,FALSE,FALSE,"Bacteria","Bacteroidetes","Bacteroidia","Chitinophagales","Saprospiraceae","Saprospiraceae_unclassified"
"108","Otu00239",0,FALSE,FALSE,FALSE,FALSE,"Bacteria","Bacteroidetes","Bacteroidia","Chitinophagales","Saprospiraceae","Saprospiraceae_unclassified"
"109","Otu00240",186,FALSE,FALSE,FALSE,FALSE,"Bacteria","Proteobacteria","Alphaproteobacteria","Rhodobacterales","Rhodobacteraceae","Rhodobacteraceae_unclassified"
"110","Otu00241",0,FALSE,FALSE,FALSE,FALSE,"Bacteria","Proteobacteria","Alphaproteobacteria","Rhizobiales","Rhizobiaceae","uncultured"
"111","Otu00244",0,FALSE,FALSE,FALSE,FALSE,"Bacteria","Proteobacteria","Alphaproteobacteria","SAR11_clade","Clade_I","Clade_Ia"
"112","Otu00244",0,FALSE,FALSE,FALSE,FALSE,"Bacteria","Proteobacteria","Alphaproteobacteria","SAR11_clade","Clade_I","Clade_Ia"
"113","Otu00245",0,FALSE,FALSE,FALSE,FALSE,"Bacteria","Proteobacteria","Gammaproteobacteria","Alteromonadales","Alteromonadaceae","Aestuariibacter"
"114","Otu00247",0,FALSE,FALSE,FALSE,FALSE,"Bacteria","Proteobacteria","Alphaproteobacteria","Caulobacterales","Hyphomonadaceae","uncultured"
"115","Otu00247",0,FALSE,FALSE,FALSE,FALSE,"Bacteria","Proteobacteria","Alphaproteobacteria","Caulobacterales","Hyphomonadaceae","uncultured"
"116","Otu00252",0,FALSE,FALSE,FALSE,FALSE,"Bacteria","Proteobacteria","Alphaproteobacteria","Rhodobacterales","Rhodobacteraceae","Rhodobacteraceae_unclassified"
"117","Otu00260",0,FALSE,FALSE,FALSE,FALSE,"Bacteria","Bacteroidetes","Bacteroidia","Flavobacteriales","Flavobacteriaceae","Muricauda"
"118","Otu00260",0,FALSE,FALSE,FALSE,FALSE,"Bacteria","Bacteroidetes","Bacteroidia","Flavobacteriales","Flavobacteriaceae","Muricauda"
"119","Otu00263",0,FALSE,FALSE,FALSE,FALSE,"Bacteria","Bacteroidetes","Bacteroidia","Flavobacteriales","Flavobacteriaceae","Polaribacter_4"
"120","Otu00269",0,FALSE,FALSE,FALSE,FALSE,"Bacteria","Proteobacteria","Alphaproteobacteria","Rhizobiales","Rhizobiaceae","Ahrensia"
"121","Otu00270",0,FALSE,FALSE,FALSE,FALSE,"Bacteria","Cyanobacteria","Oxyphotobacteria","Nostocales","uncultured","uncultured_ge"
"122","Otu00274",0,FALSE,FALSE,FALSE,FALSE,"Bacteria","Planctomycetes","Planctomycetacia","Pirellulales","Pirellulaceae","Blastopirellula"
"123","Otu00285",0,FALSE,FALSE,FALSE,FALSE,"Bacteria","Proteobacteria","Gammaproteobacteria","Betaproteobacteriales","Methylophilaceae","Methylotenera"
"124","Otu00285",0,FALSE,FALSE,FALSE,FALSE,"Bacteria","Proteobacteria","Gammaproteobacteria","Betaproteobacteriales","Methylophilaceae","Methylotenera"
"125","Otu00291",0,FALSE,FALSE,FALSE,FALSE,"Bacteria","Proteobacteria","Gammaproteobacteria","Pseudomonadales","Moraxellaceae","Psychrobacter"
"126","Otu00291",0,FALSE,FALSE,FALSE,FALSE,"Bacteria","Proteobacteria","Gammaproteobacteria","Pseudomonadales","Moraxellaceae","Psychrobacter"
"127","Otu00292",0,FALSE,FALSE,FALSE,FALSE,"Bacteria","Proteobacteria","Alphaproteobacteria","Rhodobacterales","Rhodobacteraceae","Silicimonas"
"128","Otu00292",0,FALSE,FALSE,FALSE,FALSE,"Bacteria","Proteobacteria","Alphaproteobacteria","Rhodobacterales","Rhodobacteraceae","Silicimonas"
"129","Otu00299",0,FALSE,FALSE,FALSE,FALSE,"Bacteria","Bacteroidetes","Bacteroidia","Flavobacteriales","Flavobacteriaceae","Aquimarina"
"130","Otu00302",0,FALSE,FALSE,FALSE,FALSE,"Bacteria","Actinobacteria","Acidimicrobiia","Microtrichales","Microtrichaceae","Sva0996_marine_group"
"131","Otu00309",0,FALSE,FALSE,FALSE,FALSE,"Bacteria","Proteobacteria","Alphaproteobacteria","Rhodobacterales","Rhodobacteraceae","Ruegeria"
"132","Otu00312",0,FALSE,FALSE,FALSE,FALSE,"Bacteria","Proteobacteria","Alphaproteobacteria","Rhodobacterales","Rhodobacteraceae","Tropicibacter"
"133","Otu00312",0,FALSE,FALSE,FALSE,FALSE,"Bacteria","Proteobacteria","Alphaproteobacteria","Rhodobacterales","Rhodobacteraceae","Tropicibacter"
"134","Otu00313",0,FALSE,FALSE,FALSE,FALSE,"Bacteria","Proteobacteria","Gammaproteobacteria","Oceanospirillales","Endozoicomonadaceae","Endozoicomonas"
"135","Otu00319",0,FALSE,FALSE,FALSE,FALSE,"Bacteria","Firmicutes","Bacilli","Bacillales","Planococcaceae","Planomicrobium"
"136","Otu00320",0,FALSE,FALSE,FALSE,FALSE,"Bacteria","Bacteroidetes","Bacteroidia","Flavobacteriales","Flavobacteriaceae","Flavobacteriaceae_unclassified"
"137","Otu00323",0,FALSE,FALSE,FALSE,FALSE,"Bacteria","Actinobacteria","Acidimicrobiia","Microtrichales","Microtrichaceae","Sva0996_marine_group"
"138","Otu00324",0,FALSE,FALSE,FALSE,FALSE,"Bacteria","Proteobacteria","Deltaproteobacteria","Desulfobacterales","Desulfobacteraceae","Desulfobacter"
"139","Otu00326",0,FALSE,FALSE,FALSE,FALSE,"Bacteria","Proteobacteria","Gammaproteobacteria","Alteromonadales","Alteromonadaceae","Aestuariibacter"
"140","Otu00326",0,FALSE,FALSE,FALSE,FALSE,"Bacteria","Proteobacteria","Gammaproteobacteria","Alteromonadales","Alteromonadaceae","Aestuariibacter"
"141","Otu00328",0,FALSE,FALSE,FALSE,FALSE,"Bacteria","Proteobacteria","Alphaproteobacteria","Rhodobacterales","Rhodobacteraceae","Rhodobacteraceae_unclassified"
"142","Otu00332",0,FALSE,FALSE,FALSE,FALSE,"Bacteria","Epsilonbacteraeota","Campylobacteria","Campylobacterales","Arcobacteraceae","Arcobacter"
"143","Otu00335",0,FALSE,FALSE,FALSE,FALSE,"Bacteria","Cyanobacteria","Oxyphotobacteria","Synechococcales","Cyanobiaceae","Cyanobium_PCC-6307"
"144","Otu00341",0,FALSE,FALSE,FALSE,FALSE,"Bacteria","Proteobacteria","Alphaproteobacteria","SAR11_clade","Clade_II","Clade_II_ge"
"145","Otu00341",0,FALSE,FALSE,FALSE,FALSE,"Bacteria","Proteobacteria","Alphaproteobacteria","SAR11_clade","Clade_II","Clade_II_ge"
"146","Otu00343",0,FALSE,FALSE,FALSE,FALSE,"Bacteria","Proteobacteria","Alphaproteobacteria","Rhodobacterales","Rhodobacteraceae","Rhodobacteraceae_unclassified"
"147","Otu00347",0,FALSE,FALSE,FALSE,FALSE,"Bacteria","Bacteria_unclassified","Bacteria_unclassified","Bacteria_unclassified","Bacteria_unclassified","Bacteria_unclassified"
"148","Otu00347",0,FALSE,FALSE,FALSE,FALSE,"Bacteria","Bacteria_unclassified","Bacteria_unclassified","Bacteria_unclassified","Bacteria_unclassified","Bacteria_unclassified"
"149","Otu00353",0,FALSE,FALSE,FALSE,FALSE,"Bacteria","Proteobacteria","Gammaproteobacteria","Gammaproteobacteria_Incertae_Sedis","Unknown_Family","Unknown_Family_unclassified"
"150","Otu00353",0,FALSE,FALSE,FALSE,FALSE,"Bacteria","Proteobacteria","Gammaproteobacteria","Gammaproteobacteria_Incertae_Sedis","Unknown_Family","Unknown_Family_unclassified"
"151","Otu00359",0,FALSE,FALSE,FALSE,FALSE,"Bacteria","Bacteroidetes","Bacteroidia","Chitinophagales","Saprospiraceae","uncultured"
"152","Otu00359",0,FALSE,FALSE,FALSE,FALSE,"Bacteria","Bacteroidetes","Bacteroidia","Chitinophagales","Saprospiraceae","uncultured"
"153","Otu00362",0,FALSE,FALSE,FALSE,FALSE,"Bacteria","Proteobacteria","Alphaproteobacteria","Rhodobacterales","Rhodobacteraceae","Shimia"
"154","Otu00368",0,FALSE,FALSE,FALSE,FALSE,"Bacteria","Proteobacteria","Alphaproteobacteria","Rhizobiales","Methyloligellaceae","uncultured"
"155","Otu00376",0,FALSE,FALSE,FALSE,FALSE,"Bacteria","Bacteroidetes","Bacteroidia","Flavobacteriales","Flavobacteriaceae","Tenacibaculum"
"156","Otu00378",0,FALSE,FALSE,FALSE,FALSE,"Bacteria","Firmicutes","Clostridia","Clostridiales","Lachnospiraceae","Lachnospiraceae_unclassified"
"157","Otu00380",0,FALSE,FALSE,FALSE,FALSE,"Bacteria","Bacteroidetes","Bacteroidia","Cytophagales","Cyclobacteriaceae","Fabibacter"
"158","Otu00382",0,FALSE,FALSE,FALSE,FALSE,"Bacteria","Actinobacteria","Actinobacteria","Micrococcales","Micrococcaceae","Arthrobacter"
"159","Otu00385",0,FALSE,FALSE,FALSE,FALSE,"Bacteria","Proteobacteria","Deltaproteobacteria","Myxococcales","BIrii41","BIrii41_ge"
"160","Otu00385",0,FALSE,FALSE,FALSE,FALSE,"Bacteria","Proteobacteria","Deltaproteobacteria","Myxococcales","BIrii41","BIrii41_ge"
"161","Otu00394",0,FALSE,FALSE,FALSE,FALSE,"Bacteria","Bacteroidetes","Bacteroidia","Flavobacteriales","Flavobacteriaceae","Flavobacteriaceae_unclassified"
"162","Otu00398",0,FALSE,FALSE,FALSE,FALSE,"Bacteria","Proteobacteria","Gammaproteobacteria","Alteromonadales","Alteromonadaceae","Alteromonadaceae_unclassified"
"163","Otu00404",0,FALSE,FALSE,FALSE,FALSE,"Bacteria","Actinobacteria","Actinobacteria","Propionibacteriales","Propionibacteriaceae","Cutibacterium"
"164","Otu00404",0,FALSE,FALSE,FALSE,FALSE,"Bacteria","Actinobacteria","Actinobacteria","Propionibacteriales","Propionibacteriaceae","Cutibacterium"
"165","Otu00405",0,FALSE,FALSE,FALSE,FALSE,"Bacteria","Actinobacteria","Actinobacteria","Micrococcales","Micrococcaceae","Citricoccus"
"166","Otu00407",0,FALSE,FALSE,FALSE,FALSE,"Bacteria","Planctomycetes","Planctomycetacia","Pirellulales","Pirellulaceae","Pir4_lineage"
"167","Otu00408",0,FALSE,FALSE,FALSE,FALSE,"Bacteria","Proteobacteria","Alphaproteobacteria","Caulobacterales","Hyphomonadaceae","Hyphomonadaceae_unclassified"
"168","Otu00408",0,FALSE,FALSE,FALSE,FALSE,"Bacteria","Proteobacteria","Alphaproteobacteria","Caulobacterales","Hyphomonadaceae","Hyphomonadaceae_unclassified"
"169","Otu00410",0,FALSE,FALSE,FALSE,FALSE,"Bacteria","Proteobacteria","Alphaproteobacteria","Rhizobiales","Rhizobiaceae","uncultured"
"170","Otu00411",0,FALSE,FALSE,FALSE,FALSE,"Bacteria","Proteobacteria","Alphaproteobacteria","Micavibrionales","Micavibrionaceae","uncultured"
"171","Otu00412",0,FALSE,FALSE,FALSE,FALSE,"Bacteria","Proteobacteria","Alphaproteobacteria","Parvibaculales","PS1_clade","PS1_clade_ge"
"172","Otu00416",0,FALSE,FALSE,FALSE,FALSE,"Bacteria","Proteobacteria","Alphaproteobacteria","Rhodobacterales","Rhodobacteraceae","Rhodobacteraceae_unclassified"
"173","Otu00416",0,FALSE,FALSE,FALSE,FALSE,"Bacteria","Proteobacteria","Alphaproteobacteria","Rhodobacterales","Rhodobacteraceae","Rhodobacteraceae_unclassified"
"174","Otu00417",0,FALSE,FALSE,FALSE,FALSE,"Bacteria","Proteobacteria","Gammaproteobacteria","Cellvibrionales","Spongiibacteraceae","Spongiibacteraceae_unclassified"
"175","Otu00418",0,FALSE,FALSE,FALSE,FALSE,"Bacteria","Bacteroidetes","Bacteroidia","Chitinophagales","Saprospiraceae","Lewinella"
"176","Otu00421",0,FALSE,FALSE,FALSE,FALSE,"Bacteria","Planctomycetes","Planctomycetacia","Pirellulales","Pirellulaceae","Pir4_lineage"
"177","Otu00422",0,FALSE,FALSE,FALSE,FALSE,"Bacteria","Halanaerobiaeota","Halanaerobiia","Halanaerobiales","Halobacteroidaceae","uncultured"
"178","Otu00425",0,FALSE,FALSE,FALSE,FALSE,"Bacteria","Bacteroidetes","Bacteroidia","Chitinophagales","Saprospiraceae","uncultured"
"179","Otu00430",0,FALSE,FALSE,FALSE,FALSE,"Bacteria","Proteobacteria","Gammaproteobacteria","Gammaproteobacteria_unclassified","Gammaproteobacteria_unclassified","Gammaproteobacteria_unclassified"
"180","Otu00432",0,FALSE,FALSE,FALSE,FALSE,"Bacteria","Proteobacteria","Gammaproteobacteria","Betaproteobacteriales","Methylophilaceae","OM43_clade"
"181","Otu00436",0,FALSE,FALSE,FALSE,FALSE,"Bacteria","Planctomycetes","Planctomycetacia","Pirellulales","Pirellulaceae","Bythopirellula"
"182","Otu00438",0,FALSE,FALSE,FALSE,FALSE,"Bacteria","Proteobacteria","Gammaproteobacteria","Alteromonadales","Pseudoalteromonadaceae","Pseudoalteromonas"
"183","Otu00438",0,FALSE,FALSE,FALSE,FALSE,"Bacteria","Proteobacteria","Gammaproteobacteria","Alteromonadales","Pseudoalteromonadaceae","Pseudoalteromonas"
"184","Otu00439",0,FALSE,FALSE,FALSE,FALSE,"Bacteria","Bacteroidetes","Bacteroidia","Chitinophagales","Saprospiraceae","Saprospiraceae_unclassified"
"185","Otu00439",0,FALSE,FALSE,FALSE,FALSE,"Bacteria","Bacteroidetes","Bacteroidia","Chitinophagales","Saprospiraceae","Saprospiraceae_unclassified"
"186","Otu00440",0,FALSE,FALSE,FALSE,FALSE,"Bacteria","Proteobacteria","Gammaproteobacteria","Cellvibrionales","Halieaceae","Pseudohaliea"
"187","Otu00440",0,FALSE,FALSE,FALSE,FALSE,"Bacteria","Proteobacteria","Gammaproteobacteria","Cellvibrionales","Halieaceae","Pseudohaliea"
"188","Otu00449",0,FALSE,FALSE,FALSE,FALSE,"Bacteria","Bacteroidetes","Bacteroidia","Flavobacteriales","Cryomorphaceae","Cryomorpha"
"189","Otu00452",0,FALSE,FALSE,FALSE,FALSE,"Bacteria","Bacteroidetes","Bacteroidia","Chitinophagales","Saprospiraceae","uncultured"
"190","Otu00461",0,FALSE,FALSE,FALSE,FALSE,"Bacteria","Proteobacteria","Alphaproteobacteria","Caulobacterales","Hyphomonadaceae","uncultured"
"191","Otu00463",0,FALSE,FALSE,FALSE,FALSE,"Bacteria","Bacteroidetes","Chlorobia","Chlorobiales","Chlorobiaceae","Prosthecochloris"
"192","Otu00470",0,FALSE,FALSE,FALSE,FALSE,"Bacteria","Proteobacteria","Alphaproteobacteria","Rhodobacterales","Rhodobacteraceae","Rhodobacteraceae_unclassified"
"193","Otu00473",0,FALSE,FALSE,FALSE,FALSE,"Bacteria","Bacteroidetes","Bacteroidia","Cytophagales","Cyclobacteriaceae","Reichenbachiella"
"194","Otu00476",0,FALSE,FALSE,FALSE,FALSE,"Bacteria","Proteobacteria","Alphaproteobacteria","Caulobacterales","Hyphomonadaceae","Hyphomonadaceae_unclassified"
"195","Otu00477",0,FALSE,FALSE,FALSE,FALSE,"Bacteria","Bacteroidetes","Bacteroidia","Flavobacteriales","Flavobacteriaceae","Flavobacteriaceae_unclassified"
"196","Otu00478",0,FALSE,FALSE,FALSE,FALSE,"Bacteria","Bacteroidetes","Bacteroidia","Flavobacteriales","Flavobacteriaceae","Tenacibaculum"
"197","Otu00481",0,FALSE,FALSE,FALSE,FALSE,"Bacteria","Planctomycetes","Planctomycetacia","Pirellulales","Pirellulaceae","Blastopirellula"
"198","Otu00486",0,FALSE,FALSE,FALSE,FALSE,"Bacteria","Proteobacteria","Gammaproteobacteria","Gammaproteobacteria_unclassified","Gammaproteobacteria_unclassified","Gammaproteobacteria_unclassified"
"199","Otu00486",0,FALSE,FALSE,FALSE,FALSE,"Bacteria","Proteobacteria","Gammaproteobacteria","Gammaproteobacteria_unclassified","Gammaproteobacteria_unclassified","Gammaproteobacteria_unclassified"
"200","Otu00488",0,FALSE,FALSE,FALSE,FALSE,"Bacteria","Bacteroidetes","Bacteroidia","Cytophagales","Cyclobacteriaceae","Cyclobacteriaceae_unclassified"
"201","Otu00489",0,FALSE,FALSE,FALSE,FALSE,"Bacteria","Planctomycetes","Planctomycetacia","Pirellulales","Pirellulaceae","Pir4_lineage"
"202","Otu00496",0,FALSE,FALSE,FALSE,FALSE,"Bacteria","Proteobacteria","Alphaproteobacteria","Sphingomonadales","Sphingomonadaceae","Erythrobacter"
"203","Otu00496",0,FALSE,FALSE,FALSE,FALSE,"Bacteria","Proteobacteria","Alphaproteobacteria","Sphingomonadales","Sphingomonadaceae","Erythrobacter"
"204","Otu00501",0,FALSE,FALSE,FALSE,FALSE,"Bacteria","Proteobacteria","Alphaproteobacteria","Caulobacterales","Parvularculaceae","Parvularculaceae_unclassified"
"205","Otu00504",0,FALSE,FALSE,FALSE,FALSE,"Bacteria","Proteobacteria","Alphaproteobacteria","Rhizobiales","Hyphomicrobiaceae","Filomicrobium"
"206","Otu00506",0,FALSE,FALSE,FALSE,FALSE,"Bacteria","Proteobacteria","Gammaproteobacteria","Arenicellales","Arenicellaceae","Arenicella"
"207","Otu00508",0,FALSE,FALSE,FALSE,FALSE,"Bacteria","Bacteroidetes","Bacteroidia","Flavobacteriales","Flavobacteriaceae","Muricauda"
"208","Otu00510",0,FALSE,FALSE,FALSE,FALSE,"Bacteria","Proteobacteria","Alphaproteobacteria","Rhizobiales","Rhizobiaceae","Pseudahrensia"
"209","Otu00514",0,FALSE,FALSE,FALSE,FALSE,"Bacteria","Proteobacteria","Alphaproteobacteria","Rhizobiales","Methyloligellaceae","Methyloceanibacter"
"210","Otu00514",0,FALSE,FALSE,FALSE,FALSE,"Bacteria","Proteobacteria","Alphaproteobacteria","Rhizobiales","Methyloligellaceae","Methyloceanibacter"
"211","Otu00521",0,FALSE,FALSE,FALSE,FALSE,"Bacteria","Verrucomicrobia","Verrucomicrobiae","Verrucomicrobiales","Rubritaleaceae","Roseibacillus"
"212","Otu00522",0,FALSE,FALSE,FALSE,FALSE,"Bacteria","Proteobacteria","Alphaproteobacteria","Rhodobacterales","Rhodobacteraceae","Rhodobacteraceae_unclassified"
"213","Otu00524",0,FALSE,FALSE,FALSE,FALSE,"Bacteria","Proteobacteria","Alphaproteobacteria","Rhodobacterales","Rhodobacteraceae","Roseovarius"
"214","Otu00527",0,FALSE,FALSE,FALSE,FALSE,"Bacteria","Planctomycetes","OM190","OM190_or","OM190_fa","OM190_ge"
"215","Otu00529",0,FALSE,FALSE,FALSE,FALSE,"Bacteria","Patescibacteria","Gracilibacteria","JGI_0000069-P22","JGI_0000069-P22_fa","JGI_0000069-P22_ge"
"216","Otu00529",123,FALSE,TRUE,TRUE,TRUE,"Bacteria","Patescibacteria","Gracilibacteria","JGI_0000069-P22","JGI_0000069-P22_fa","JGI_0000069-P22_ge"
"217","Otu00530",0,FALSE,FALSE,FALSE,FALSE,"Bacteria","Proteobacteria","Gammaproteobacteria","Cellvibrionales","Cellvibrionaceae","uncultured"
"218","Otu00530",0,FALSE,FALSE,FALSE,FALSE,"Bacteria","Proteobacteria","Gammaproteobacteria","Cellvibrionales","Cellvibrionaceae","uncultured"
"219","Otu00531",0,FALSE,FALSE,FALSE,FALSE,"Bacteria","Bacteroidetes","Bacteroidia","Flavobacteriales","Flavobacteriaceae","Psychroserpens"
"220","Otu00532",0,FALSE,FALSE,FALSE,FALSE,"Bacteria","Bacteroidetes","Bacteroidia","Cytophagales","Cyclobacteriaceae","Marinoscillum"
"221","Otu00539",0,FALSE,FALSE,FALSE,FALSE,"Bacteria","Proteobacteria","Alphaproteobacteria","Rhodobacterales","Rhodobacteraceae","Dinoroseobacter"
"222","Otu00540",0,FALSE,FALSE,FALSE,FALSE,"Bacteria","Proteobacteria","Gammaproteobacteria","Alteromonadales","Alteromonadaceae","Alteromonadaceae_unclassified"
"223","Otu00541",0,FALSE,FALSE,FALSE,FALSE,"Bacteria","Bacteroidetes","Bacteroidia","Flavobacteriales","Flavobacteriaceae","Aurantivirga"
"224","Otu00547",0,FALSE,FALSE,FALSE,FALSE,"Bacteria","Bacteroidetes","Bacteroidia","Bacteroidia_unclassified","Bacteroidia_unclassified","Bacteroidia_unclassified"
"225","Otu00547",0,FALSE,FALSE,FALSE,FALSE,"Bacteria","Bacteroidetes","Bacteroidia","Bacteroidia_unclassified","Bacteroidia_unclassified","Bacteroidia_unclassified"
"226","Otu00549",0,FALSE,FALSE,FALSE,FALSE,"Bacteria","Proteobacteria","Alphaproteobacteria","Kordiimonadales","Kordiimonadaceae","Kordiimonas"
"227","Otu00550",0,FALSE,FALSE,FALSE,FALSE,"Bacteria","Halanaerobiaeota","Halanaerobiia","Halanaerobiales","Halobacteroidaceae","uncultured"
"228","Otu00551",0,FALSE,FALSE,FALSE,FALSE,"Bacteria","Verrucomicrobia","Verrucomicrobiae","Verrucomicrobiales","Rubritaleaceae","Rubritaleaceae_unclassified"
"229","Otu00554",0,FALSE,FALSE,FALSE,FALSE,"Bacteria","Proteobacteria","Alphaproteobacteria","Rhodobacterales","Rhodobacteraceae","Rhodobacteraceae_unclassified"
"230","Otu00563",0,FALSE,FALSE,FALSE,FALSE,"Bacteria","Bacteroidetes","Bacteroidia","Chitinophagales","uncultured","uncultured_ge"
"231","Otu00564",0,FALSE,FALSE,FALSE,FALSE,"Bacteria","Proteobacteria","Alphaproteobacteria","Rhodobacterales","Rhodobacteraceae","Rhodobacteraceae_unclassified"
"232","Otu00566",0,FALSE,FALSE,FALSE,FALSE,"Bacteria","Proteobacteria","Alphaproteobacteria","Alphaproteobacteria_unclassified","Alphaproteobacteria_unclassified","Alphaproteobacteria_unclassified"
"233","Otu00569",0,FALSE,FALSE,FALSE,FALSE,"Bacteria","Proteobacteria","Alphaproteobacteria","Kordiimonadales","Kordiimonadaceae","Kordiimonas"
"234","Otu00571",0,FALSE,FALSE,FALSE,FALSE,"Bacteria","Epsilonbacteraeota","Campylobacteria","Campylobacterales","Arcobacteraceae","Arcobacter"
"235","Otu00571",0,FALSE,FALSE,FALSE,FALSE,"Bacteria","Epsilonbacteraeota","Campylobacteria","Campylobacterales","Arcobacteraceae","Arcobacter"
"236","Otu00577",192,FALSE,FALSE,FALSE,FALSE,"Bacteria","Bacteroidetes","Bacteroidia","Cytophagales","Cyclobacteriaceae","Reichenbachiella"
"237","Otu00579",0,FALSE,FALSE,FALSE,FALSE,"Bacteria","Bacteroidetes","Bacteroidia","Flavobacteriales","Flavobacteriaceae","Winogradskyella"
"238","Otu00594",0,FALSE,FALSE,FALSE,FALSE,"Bacteria","Proteobacteria","Alphaproteobacteria","Rhodospirillales","Magnetospiraceae","Magnetospira"
"239","Otu00594",0,FALSE,FALSE,FALSE,FALSE,"Bacteria","Proteobacteria","Alphaproteobacteria","Rhodospirillales","Magnetospiraceae","Magnetospira"
"240","Otu00595",0,FALSE,FALSE,FALSE,FALSE,"Bacteria","Proteobacteria","Deltaproteobacteria","Desulfovibrionales","Desulfovibrionaceae","Halodesulfovibrio"
"241","Otu00603",0,FALSE,FALSE,FALSE,FALSE,"Bacteria","Bacteroidetes","Bacteroidia","Flavobacteriales","Flavobacteriaceae","Kordia"
"242","Otu00603",0,FALSE,FALSE,FALSE,FALSE,"Bacteria","Bacteroidetes","Bacteroidia","Flavobacteriales","Flavobacteriaceae","Kordia"
"243","Otu00605",0,FALSE,FALSE,FALSE,FALSE,"Bacteria","Bacteroidetes","Bacteroidia","Flavobacteriales","Flavobacteriaceae","Maribacter"
"244","Otu00606",0,FALSE,FALSE,FALSE,FALSE,"Bacteria","Proteobacteria","Gammaproteobacteria","Thiotrichales","Thiotrichaceae","Leucothrix"
"245","Otu00608",0,FALSE,FALSE,FALSE,FALSE,"Bacteria","Bacteroidetes","Bacteroidia","Flavobacteriales","Flavobacteriaceae","NS5_marine_group"
"246","Otu00609",0,FALSE,FALSE,FALSE,FALSE,"Bacteria","Proteobacteria","Gammaproteobacteria","Alteromonadales","Alteromonadaceae","Salinimonas"
"247","Otu00609",0,FALSE,FALSE,FALSE,FALSE,"Bacteria","Proteobacteria","Gammaproteobacteria","Alteromonadales","Alteromonadaceae","Salinimonas"
"248","Otu00610",0,FALSE,FALSE,FALSE,FALSE,"Bacteria","Bacteroidetes","Bacteroidia","Chitinophagales","Saprospiraceae","Lewinella"
"249","Otu00612",0,FALSE,FALSE,FALSE,FALSE,"Bacteria","Bacteroidetes","Bacteroidia","Flavobacteriales","Flavobacteriaceae","Flavobacteriaceae_unclassified"
"250","Otu00622",0,FALSE,FALSE,FALSE,FALSE,"Bacteria","Proteobacteria","Gammaproteobacteria","Alteromonadales","Colwelliaceae","Thalassotalea"
"251","Otu00628",0,FALSE,FALSE,FALSE,FALSE,"Bacteria","Proteobacteria","Alphaproteobacteria","Caulobacterales","Hyphomonadaceae","Oceanicaulis"
"252","Otu00631",0,FALSE,FALSE,FALSE,FALSE,"Bacteria","Proteobacteria","Deltaproteobacteria","Myxococcales","BIrii41","BIrii41_ge"
"253","Otu00631",0,FALSE,FALSE,FALSE,FALSE,"Bacteria","Proteobacteria","Deltaproteobacteria","Myxococcales","BIrii41","BIrii41_ge"
"254","Otu00638",0,FALSE,FALSE,FALSE,FALSE,"Bacteria","Proteobacteria","Alphaproteobacteria","Rhodovibrionales","Kiloniellaceae","uncultured"
"255","Otu00645",0,FALSE,FALSE,FALSE,FALSE,"Bacteria","Actinobacteria","Acidimicrobiia","Microtrichales","Ilumatobacteraceae","Ilumatobacter"
"256","Otu00646",0,FALSE,FALSE,FALSE,FALSE,"Bacteria","Bacteroidetes","Bacteroidia","Cytophagales","Cyclobacteriaceae","Reichenbachiella"
"257","Otu00653",0,FALSE,FALSE,FALSE,FALSE,"Bacteria","Actinobacteria","Actinobacteria","Corynebacteriales","Corynebacteriaceae","Corynebacterium_1"
"258","Otu00654",0,FALSE,FALSE,FALSE,FALSE,"Bacteria","Proteobacteria","Gammaproteobacteria","Betaproteobacteriales","Neisseriaceae","uncultured"
"259","Otu00654",0,FALSE,FALSE,FALSE,FALSE,"Bacteria","Proteobacteria","Gammaproteobacteria","Betaproteobacteriales","Neisseriaceae","uncultured"
"260","Otu00658",0,FALSE,FALSE,FALSE,FALSE,"Bacteria","Bacteroidetes","Bacteroidia","Flavobacteriales","Flavobacteriaceae","Aureicoccus"
"261","Otu00670",0,FALSE,FALSE,FALSE,FALSE,"Bacteria","Proteobacteria","Gammaproteobacteria","Cellvibrionales","Cellvibrionales_unclassified","Cellvibrionales_unclassified"
"262","Otu00674",0,FALSE,FALSE,FALSE,FALSE,"Bacteria","Bacteroidetes","Bacteroidia","Cytophagales","Cyclobacteriaceae","Ekhidna"
"263","Otu00675",0,FALSE,FALSE,FALSE,FALSE,"Bacteria","Bacteroidetes","Bacteroidia","Flavobacteriales","Flavobacteriaceae","Aureisphaera"
"264","Otu00678",0,FALSE,FALSE,FALSE,FALSE,"Bacteria","Proteobacteria","Gammaproteobacteria","Oceanospirillales","Endozoicomonadaceae","Endozoicomonas"
"265","Otu00678",0,FALSE,FALSE,FALSE,FALSE,"Bacteria","Proteobacteria","Gammaproteobacteria","Oceanospirillales","Endozoicomonadaceae","Endozoicomonas"
"266","Otu00679",0,FALSE,FALSE,FALSE,FALSE,"Bacteria","Proteobacteria","Alphaproteobacteria","Rhizobiales","Rhizobiaceae","uncultured"
"267","Otu00681",0,FALSE,FALSE,FALSE,FALSE,"Bacteria","Proteobacteria","Alphaproteobacteria","Rhodobacterales","Rhodobacteraceae","Rhodobacteraceae_unclassified"
"268","Otu00695",0,FALSE,FALSE,FALSE,FALSE,"Bacteria","Proteobacteria","Gammaproteobacteria","Oceanospirillales","Saccharospirillaceae","Oleibacter"
"269","Otu00695",0,FALSE,FALSE,FALSE,FALSE,"Bacteria","Proteobacteria","Gammaproteobacteria","Oceanospirillales","Saccharospirillaceae","Oleibacter"
"270","Otu00699",0,FALSE,FALSE,FALSE,FALSE,"Bacteria","Proteobacteria","Gammaproteobacteria","Cellvibrionales","Halieaceae","Parahaliea"
"271","Otu00699",0,FALSE,FALSE,FALSE,FALSE,"Bacteria","Proteobacteria","Gammaproteobacteria","Cellvibrionales","Halieaceae","Parahaliea"
"272","Otu00704",0,FALSE,FALSE,FALSE,FALSE,"Bacteria","Planctomycetes","Planctomycetacia","Pirellulales","Pirellulaceae","Blastopirellula"
"273","Otu00704",0,FALSE,FALSE,FALSE,FALSE,"Bacteria","Planctomycetes","Planctomycetacia","Pirellulales","Pirellulaceae","Blastopirellula"
"274","Otu00705",0,FALSE,FALSE,FALSE,FALSE,"Bacteria","Proteobacteria","Gammaproteobacteria","Gammaproteobacteria_unclassified","Gammaproteobacteria_unclassified","Gammaproteobacteria_unclassified"
"275","Otu00706",0,FALSE,FALSE,FALSE,FALSE,"Bacteria","Proteobacteria","Alphaproteobacteria","Rhodospirillales","Rhodospirillales_unclassified","Rhodospirillales_unclassified"
"276","Otu00708",0,FALSE,FALSE,FALSE,FALSE,"Bacteria","Proteobacteria","Gammaproteobacteria","Alteromonadales","Pseudoalteromonadaceae","Algicola"
"277","Otu00711",0,FALSE,FALSE,FALSE,FALSE,"Bacteria","Proteobacteria","Alphaproteobacteria","Sphingomonadales","Sphingomonadaceae","Erythrobacter"
"278","Otu00711",0,FALSE,FALSE,FALSE,FALSE,"Bacteria","Proteobacteria","Alphaproteobacteria","Sphingomonadales","Sphingomonadaceae","Erythrobacter"
"279","Otu00715",0,FALSE,FALSE,FALSE,FALSE,"Bacteria","Bacteroidetes","Bacteroidia","Flavobacteriales","Flavobacteriaceae","Gilvibacter"
"280","Otu00719",0,FALSE,FALSE,FALSE,FALSE,"Bacteria","Proteobacteria","Alphaproteobacteria","Parvibaculales","Parvibaculaceae","Pyruvatibacter"
"281","Otu00726",0,FALSE,FALSE,FALSE,FALSE,"Bacteria","Proteobacteria","Gammaproteobacteria","Alteromonadales","Alteromonadaceae","Aestuariibacter"
"282","Otu00727",0,FALSE,FALSE,FALSE,FALSE,"Bacteria","Proteobacteria","Alphaproteobacteria","Rhodobacterales","Rhodobacteraceae","Roseobacter_clade_CHAB-I-5_lineage"
"283","Otu00731",0,FALSE,FALSE,FALSE,FALSE,"Bacteria","Bacteroidetes","Bacteroidia","Flavobacteriales","Cryomorphaceae","uncultured"
"284","Otu00737",0,FALSE,FALSE,FALSE,FALSE,"Bacteria","Bacteroidetes","Bacteroidia","Chitinophagales","Saprospiraceae","uncultured"
"285","Otu00737",0,FALSE,FALSE,FALSE,FALSE,"Bacteria","Bacteroidetes","Bacteroidia","Chitinophagales","Saprospiraceae","uncultured"
"286","Otu00745",0,FALSE,FALSE,FALSE,FALSE,"Bacteria","Proteobacteria","Gammaproteobacteria","Cellvibrionales","Halieaceae","Halieaceae_unclassified"
"287","Otu00755",0,FALSE,FALSE,FALSE,FALSE,"Bacteria","Proteobacteria","Alphaproteobacteria","Sphingomonadales","Sphingomonadaceae","Sphingomonadaceae_unclassified"
"288","Otu00757",0,FALSE,FALSE,FALSE,FALSE,"Bacteria","Proteobacteria","Gammaproteobacteria","Pseudomonadales","Moraxellaceae","Psychrobacter"
"289","Otu00761",0,FALSE,FALSE,FALSE,FALSE,"Bacteria","Planctomycetes","Planctomycetacia","Pirellulales","Pirellulaceae","Blastopirellula"
"290","Otu00767",0,FALSE,FALSE,FALSE,FALSE,"Bacteria","Proteobacteria","Gammaproteobacteria","Alteromonadales","Pseudoalteromonadaceae","Pseudoalteromonas"
"291","Otu00771",0,FALSE,FALSE,FALSE,FALSE,"Bacteria","Proteobacteria","Gammaproteobacteria","SAR86_clade","SAR86_clade_fa","SAR86_clade_ge"
"292","Otu00773",0,FALSE,FALSE,FALSE,FALSE,"Bacteria","Proteobacteria","Gammaproteobacteria","Alteromonadales","Alteromonadaceae","Aestuariibacter"
"293","Otu00779",0,FALSE,FALSE,FALSE,FALSE,"Bacteria","Bacteroidetes","Bacteroidia","Cytophagales","Cyclobacteriaceae","Fabibacter"
"294","Otu00780",0,FALSE,FALSE,FALSE,FALSE,"Bacteria","Planctomycetes","Phycisphaerae","Phycisphaerales","Phycisphaeraceae","SM1A02"
"295","Otu00783",0,FALSE,FALSE,FALSE,FALSE,"Bacteria","Bacteroidetes","Bacteroidia","Cytophagales","Cyclobacteriaceae","uncultured"
"296","Otu00794",0,FALSE,FALSE,FALSE,FALSE,"Bacteria","Cyanobacteria","Oxyphotobacteria","Nostocales","Microcystaceae","SU2_symbiont_group"
"297","Otu00796",0,FALSE,FALSE,FALSE,FALSE,"Bacteria","Proteobacteria","Gammaproteobacteria","Vibrionales","Vibrionaceae","Vibrio"
"298","Otu00797",0,FALSE,FALSE,FALSE,FALSE,"Bacteria","Proteobacteria","Gammaproteobacteria","Gammaproteobacteria_unclassified","Gammaproteobacteria_unclassified","Gammaproteobacteria_unclassified"
"299","Otu00825",0,FALSE,FALSE,FALSE,FALSE,"Bacteria","Cyanobacteria","Oxyphotobacteria","Nostocales","Xenococcaceae","Xenococcaceae_unclassified"
"300","Otu00826",0,FALSE,FALSE,FALSE,FALSE,"Bacteria","Proteobacteria","Alphaproteobacteria","SAR11_clade","Clade_III","Clade_III_ge"
"301","Otu00833",0,FALSE,FALSE,FALSE,FALSE,"Bacteria","Bacteroidetes","Bacteroidia","Flavobacteriales","Flavobacteriaceae","NS5_marine_group"
"302","Otu00834",0,FALSE,FALSE,FALSE,FALSE,"Bacteria","Proteobacteria","Gammaproteobacteria","Cellvibrionales","Cellvibrionaceae","uncultured"
"303","Otu00837",0,FALSE,FALSE,FALSE,FALSE,"Bacteria","Proteobacteria","Gammaproteobacteria","Cellvibrionales","Cellvibrionaceae","Cellvibrionaceae_unclassified"
"304","Otu00837",0,FALSE,FALSE,FALSE,FALSE,"Bacteria","Proteobacteria","Gammaproteobacteria","Cellvibrionales","Cellvibrionaceae","Cellvibrionaceae_unclassified"
"305","Otu00845",0,FALSE,FALSE,FALSE,FALSE,"Bacteria","Bacteroidetes","Bacteroidia","Chitinophagales","uncultured","uncultured_ge"
"306","Otu00853",0,FALSE,FALSE,FALSE,FALSE,"Bacteria","Proteobacteria","Alphaproteobacteria","Rhodobacterales","Rhodobacteraceae","Marivita"
"307","Otu00860",0,FALSE,FALSE,FALSE,FALSE,"Bacteria","Proteobacteria","Alphaproteobacteria","Rhodobacterales","Rhodobacteraceae","Rhodobacteraceae_unclassified"
"308","Otu00868",0,FALSE,FALSE,FALSE,FALSE,"Bacteria","Bacteroidetes","Bacteroidia","Chitinophagales","Saprospiraceae","Saprospiraceae_unclassified"
"309","Otu00871",0,FALSE,FALSE,FALSE,FALSE,"Bacteria","Planctomycetes","Planctomycetacia","Pirellulales","Pirellulaceae","Blastopirellula"
"310","Otu00872",0,FALSE,FALSE,FALSE,FALSE,"Bacteria","Proteobacteria","Alphaproteobacteria","Micavibrionales","uncultured","uncultured_ge"
"311","Otu00873",0,FALSE,FALSE,FALSE,FALSE,"Bacteria","Proteobacteria","Alphaproteobacteria","uncultured","uncultured_fa","uncultured_ge"
"312","Otu00875",0,FALSE,FALSE,FALSE,FALSE,"Bacteria","Proteobacteria","Gammaproteobacteria","Gammaproteobacteria_unclassified","Gammaproteobacteria_unclassified","Gammaproteobacteria_unclassified"
"313","Otu00878",0,FALSE,FALSE,FALSE,FALSE,"Bacteria","Planctomycetes","Planctomycetacia","Pirellulales","Pirellulaceae","Pirellula"
"314","Otu00879",0,FALSE,FALSE,FALSE,FALSE,"Bacteria","Proteobacteria","Gammaproteobacteria","Alteromonadales","Colwelliaceae","Thalassotalea"
"315","Otu00880",0,FALSE,FALSE,FALSE,FALSE,"Bacteria","Firmicutes","Bacilli","Bacillales","Bacillaceae","Marinococcus"
"316","Otu00889",0,FALSE,FALSE,FALSE,FALSE,"Bacteria","Bacteroidetes","Bacteroidia","Chitinophagales","Saprospiraceae","uncultured"
"317","Otu00890",0,FALSE,FALSE,FALSE,FALSE,"Bacteria","Acidobacteria","Holophagae","Acanthopleuribacterales","Acanthopleuribacteraceae","Acanthopleuribacter"
"318","Otu00896",0,FALSE,FALSE,FALSE,FALSE,"Bacteria","Proteobacteria","Gammaproteobacteria","Pseudomonadales","Moraxellaceae","Psychrobacter"
"319","Otu00912",0,FALSE,FALSE,FALSE,FALSE,"Bacteria","Planctomycetes","Planctomycetacia","Planctomycetales","Rubinisphaeraceae","Rubinisphaeraceae_unclassified"
"320","Otu00914",0,FALSE,FALSE,FALSE,FALSE,"Bacteria","Actinobacteria","Actinobacteria","Micrococcales","Micrococcaceae","Kocuria"
"321","Otu00924",0,FALSE,FALSE,FALSE,FALSE,"Bacteria","Patescibacteria","Parcubacteria","Parcubacteria_unclassified","Parcubacteria_unclassified","Parcubacteria_unclassified"
"322","Otu00929",0,FALSE,FALSE,FALSE,FALSE,"Bacteria","Proteobacteria","Alphaproteobacteria","Micavibrionales","Micavibrionaceae","uncultured"
"323","Otu00931",0,FALSE,FALSE,FALSE,FALSE,"Bacteria","Proteobacteria","Alphaproteobacteria","Sphingomonadales","Sphingomonadaceae","Sphingorhabdus"
"324","Otu00935",0,FALSE,FALSE,FALSE,FALSE,"Bacteria","Bacteroidetes","Bacteroidia","Chitinophagales","Saprospiraceae","Lewinella"
"325","Otu00937",0,FALSE,FALSE,FALSE,FALSE,"Bacteria","Proteobacteria","Alphaproteobacteria","Rhodobacterales","Rhodobacteraceae","Rhodobacteraceae_unclassified"
"326","Otu00943",0,FALSE,FALSE,FALSE,FALSE,"Bacteria","Bacteroidetes","Bacteroidia","Cytophagales","Amoebophilaceae","uncultured"
"327","Otu00952",0,FALSE,FALSE,FALSE,FALSE,"Bacteria","Proteobacteria","Alphaproteobacteria","Micavibrionales","Micavibrionaceae","uncultured"
"328","Otu00956",0,FALSE,FALSE,FALSE,FALSE,"Bacteria","Proteobacteria","Alphaproteobacteria","Rhodobacterales","Rhodobacteraceae","Rhodobacteraceae_unclassified"
"329","Otu00957",0,FALSE,FALSE,FALSE,FALSE,"Bacteria","Planctomycetes","Planctomycetacia","Planctomycetales","Rubinisphaeraceae","Rubinisphaeraceae_unclassified"
"330","Otu00963",0,FALSE,FALSE,FALSE,FALSE,"Bacteria","Bacteria_unclassified","Bacteria_unclassified","Bacteria_unclassified","Bacteria_unclassified","Bacteria_unclassified"
"331","Otu00969",0,FALSE,FALSE,FALSE,FALSE,"Bacteria","Bacteroidetes","Bacteroidia","Chitinophagales","Saprospiraceae","Portibacter"
"332","Otu00982",0,FALSE,FALSE,FALSE,FALSE,"Bacteria","Bacteroidetes","Bacteroidia","Chitinophagales","Saprospiraceae","uncultured"
"333","Otu00986",0,FALSE,FALSE,FALSE,FALSE,"Bacteria","Planctomycetes","OM190","OM190_or","OM190_fa","OM190_ge"
"334","Otu00990",0,FALSE,FALSE,FALSE,FALSE,"Bacteria","Proteobacteria","Deltaproteobacteria","Myxococcales","Nannocystaceae","uncultured"
"335","Otu01014",0,FALSE,FALSE,FALSE,FALSE,"Bacteria","Cyanobacteria","Oxyphotobacteria","Oxyphotobacteria_unclassified","Oxyphotobacteria_unclassified","Oxyphotobacteria_unclassified"
"336","Otu01018",0,FALSE,FALSE,FALSE,FALSE,"Bacteria","Bacteroidetes","Bacteroidia","Bacteroidia_unclassified","Bacteroidia_unclassified","Bacteroidia_unclassified"
"337","Otu01029",0,FALSE,FALSE,FALSE,FALSE,"Bacteria","Proteobacteria","Alphaproteobacteria","Alphaproteobacteria_unclassified","Alphaproteobacteria_unclassified","Alphaproteobacteria_unclassified"
"338","Otu01039",0,FALSE,FALSE,FALSE,FALSE,"Bacteria","Proteobacteria","Alphaproteobacteria","Rhodospirillales","AEGEAN-169_marine_group","AEGEAN-169_marine_group_ge"
"339","Otu01040",0,FALSE,FALSE,FALSE,FALSE,"Bacteria","Patescibacteria","Gracilibacteria","JGI_0000069-P22","JGI_0000069-P22_fa","JGI_0000069-P22_ge"
"340","Otu01044",0,FALSE,FALSE,FALSE,FALSE,"Bacteria","Bacteroidetes","Rhodothermia","Rhodothermales","Rhodothermaceae","uncultured"
"341","Otu01047",0,FALSE,FALSE,FALSE,FALSE,"Bacteria","Proteobacteria","Alphaproteobacteria","Rhizobiales","Hyphomicrobiaceae","Filomicrobium"
"342","Otu01049",0,FALSE,FALSE,FALSE,FALSE,"Bacteria","Proteobacteria","Alphaproteobacteria","Tistrellales","Geminicoccaceae","Geminicoccaceae_unclassified"
"343","Otu01057",0,FALSE,FALSE,FALSE,FALSE,"Bacteria","Proteobacteria","Alphaproteobacteria","Caulobacterales","Caulobacteraceae","Brevundimonas"
"344","Otu01063",0,FALSE,FALSE,FALSE,FALSE,"Bacteria","Cyanobacteria","Oxyphotobacteria","Oxyphotobacteria_unclassified","Oxyphotobacteria_unclassified","Oxyphotobacteria_unclassified"
"345","Otu01063",0,FALSE,FALSE,FALSE,FALSE,"Bacteria","Cyanobacteria","Oxyphotobacteria","Oxyphotobacteria_unclassified","Oxyphotobacteria_unclassified","Oxyphotobacteria_unclassified"
"346","Otu01065",0,FALSE,FALSE,FALSE,FALSE,"Bacteria","Planctomycetes","Planctomycetes_unclassified","Planctomycetes_unclassified","Planctomycetes_unclassified","Planctomycetes_unclassified"
"347","Otu01065",0,FALSE,FALSE,FALSE,FALSE,"Bacteria","Planctomycetes","Planctomycetes_unclassified","Planctomycetes_unclassified","Planctomycetes_unclassified","Planctomycetes_unclassified"
"348","Otu01071",0,FALSE,FALSE,FALSE,FALSE,"Bacteria","Bacteroidetes","Bacteroidia","Flavobacteriales","Flavobacteriaceae","Gillisia"
"349","Otu01081",0,FALSE,FALSE,FALSE,FALSE,"Bacteria","Bacteroidetes","Bacteroidia","Flavobacteriales","Flavobacteriaceae","Gilvibacter"
"350","Otu01081",0,FALSE,FALSE,FALSE,FALSE,"Bacteria","Bacteroidetes","Bacteroidia","Flavobacteriales","Flavobacteriaceae","Gilvibacter"
"351","Otu01084",0,FALSE,FALSE,FALSE,FALSE,"Bacteria","Proteobacteria","Gammaproteobacteria","Alteromonadales","Pseudoalteromonadaceae","Pseudoalteromonas"
"352","Otu01085",0,FALSE,FALSE,FALSE,FALSE,"Bacteria","Proteobacteria","Gammaproteobacteria","Gammaproteobacteria_unclassified","Gammaproteobacteria_unclassified","Gammaproteobacteria_unclassified"
"353","Otu01100",0,FALSE,FALSE,FALSE,FALSE,"Bacteria","Proteobacteria","Gammaproteobacteria","Betaproteobacteriales","Burkholderiaceae","Ralstonia"
"354","Otu01103",0,FALSE,FALSE,FALSE,FALSE,"Bacteria","Chlamydiae","Chlamydiae","Chlamydiales","Simkaniaceae","uncultured"
"355","Otu01105",0,FALSE,FALSE,FALSE,FALSE,"Bacteria","Proteobacteria","Alphaproteobacteria","Rhodospirillales","Terasakiellaceae","uncultured"
"356","Otu01119",0,FALSE,FALSE,FALSE,FALSE,"Bacteria","Bacteroidetes","Bacteroidia","Bacteroidia_unclassified","Bacteroidia_unclassified","Bacteroidia_unclassified"
"357","Otu01122",0,FALSE,FALSE,FALSE,FALSE,"Bacteria","Bacteroidetes","Bacteroidia","Cytophagales","Cyclobacteriaceae","Ekhidna"
"358","Otu01124",0,FALSE,FALSE,FALSE,FALSE,"Bacteria","Planctomycetes","Phycisphaerae","Phycisphaerales","Phycisphaeraceae","SM1A02"
"359","Otu01136",0,FALSE,FALSE,FALSE,FALSE,"Bacteria","Proteobacteria","Alphaproteobacteria","uncultured","uncultured_fa","uncultured_ge"
"360","Otu01137",0,FALSE,FALSE,FALSE,FALSE,"Bacteria","Proteobacteria","Gammaproteobacteria","Gammaproteobacteria_unclassified","Gammaproteobacteria_unclassified","Gammaproteobacteria_unclassified"
"361","Otu01140",0,FALSE,FALSE,FALSE,FALSE,"Bacteria","Proteobacteria","Gammaproteobacteria","Oceanospirillales","Nitrincolaceae","Neptuniibacter"
"362","Otu01148",0,FALSE,FALSE,FALSE,FALSE,"Bacteria","Proteobacteria","Alphaproteobacteria","Rhodobacterales","Rhodobacteraceae","Roseivivax"
"363","Otu01153",0,FALSE,FALSE,FALSE,FALSE,"Bacteria","Bacteroidetes","Bacteroidia","Flavobacteriales","Flavobacteriaceae","Winogradskyella"
"364","Otu01159",0,FALSE,FALSE,FALSE,FALSE,"Bacteria","Planctomycetes","Planctomycetacia","Pirellulales","Pirellulaceae","Blastopirellula"
"365","Otu01161",0,FALSE,FALSE,FALSE,FALSE,"Bacteria","Proteobacteria","Gammaproteobacteria","Coxiellales","Coxiellaceae","Coxiella"
"366","Otu01169",0,FALSE,FALSE,FALSE,FALSE,"Bacteria","Proteobacteria","Alphaproteobacteria","Rhodovibrionales","Kiloniellaceae","Kiloniella"
"367","Otu01177",0,FALSE,FALSE,FALSE,FALSE,"Bacteria","Actinobacteria","Actinobacteria","Corynebacteriales","Dietziaceae","Dietzia"
"368","Otu01183",0,FALSE,FALSE,FALSE,FALSE,"Bacteria","Bacteroidetes","Bacteroidia","Flavobacteriales","Weeksellaceae","Cloacibacterium"
"369","Otu01185",0,FALSE,FALSE,FALSE,FALSE,"Bacteria","Proteobacteria","Gammaproteobacteria","Pseudomonadales","Pseudomonadaceae","Pseudomonas"
"370","Otu01187",0,FALSE,FALSE,FALSE,FALSE,"Bacteria","Proteobacteria","Gammaproteobacteria","Vibrionales","Vibrionaceae","Photobacterium"
"371","Otu01190",0,FALSE,FALSE,FALSE,FALSE,"Bacteria","Firmicutes","Bacilli","Bacillales","Staphylococcaceae","Staphylococcus"
"372","Otu01204",0,FALSE,FALSE,FALSE,FALSE,"Bacteria","Proteobacteria","Alphaproteobacteria","Caulobacterales","Hyphomonadaceae","uncultured"
"373","Otu01208",0,FALSE,FALSE,FALSE,FALSE,"Bacteria","Bacteroidetes","Bacteroidia","Flavobacteriales","Flavobacteriaceae","Flavobacteriaceae_unclassified"
"374","Otu01210",0,FALSE,FALSE,FALSE,FALSE,"Bacteria","Bacteroidetes","Bacteroidia","Chitinophagales","Saprospiraceae","uncultured"
"375","Otu01212",0,FALSE,FALSE,FALSE,FALSE,"Bacteria","Verrucomicrobia","Verrucomicrobiae","Verrucomicrobiales","Rubritaleaceae","Rubritalea"
"376","Otu01212",0,FALSE,FALSE,FALSE,FALSE,"Bacteria","Verrucomicrobia","Verrucomicrobiae","Verrucomicrobiales","Rubritaleaceae","Rubritalea"
"377","Otu01220",0,FALSE,FALSE,FALSE,FALSE,"Bacteria","Bacteroidetes","Bacteroidia","Cytophagales","Amoebophilaceae","uncultured"
"378","Otu01221",0,FALSE,FALSE,FALSE,FALSE,"Bacteria","Proteobacteria","Alphaproteobacteria","Alphaproteobacteria_unclassified","Alphaproteobacteria_unclassified","Alphaproteobacteria_unclassified"
"379","Otu01233",0,FALSE,FALSE,FALSE,FALSE,"Bacteria","Proteobacteria","Gammaproteobacteria","Arenicellales","Arenicellaceae","Arenicella"
"380","Otu01233",0,FALSE,FALSE,FALSE,FALSE,"Bacteria","Proteobacteria","Gammaproteobacteria","Arenicellales","Arenicellaceae","Arenicella"
"381","Otu01247",0,FALSE,FALSE,FALSE,FALSE,"Bacteria","Proteobacteria","Alphaproteobacteria","Puniceispirillales","SAR116_clade","SAR116_clade_ge"
"382","Otu01257",0,FALSE,FALSE,FALSE,FALSE,"Bacteria","Proteobacteria","Deltaproteobacteria","Bdellovibrionales","Bacteriovoracaceae","Bacteriovoracaceae_unclassified"
"383","Otu01265",0,FALSE,FALSE,FALSE,FALSE,"Bacteria","Proteobacteria","Alphaproteobacteria","SAR11_clade","Clade_III","Clade_III_ge"
"384","Otu01268",0,FALSE,FALSE,FALSE,FALSE,"Bacteria","Bacteroidetes","Bacteroidia","Chitinophagales","Saprospiraceae","Saprospiraceae_unclassified"
"385","Otu01276",0,FALSE,FALSE,FALSE,FALSE,"Bacteria","Proteobacteria","Alphaproteobacteria","Rhodobacterales","Rhodobacteraceae","Rhodobacteraceae_unclassified"
"386","Otu01299",0,FALSE,FALSE,FALSE,FALSE,"Bacteria","Bacteroidetes","Bacteroidia","Chitinophagales","Saprospiraceae","Saprospiraceae_unclassified"
"387","Otu01305",0,FALSE,FALSE,FALSE,FALSE,"Bacteria","Proteobacteria","Alphaproteobacteria","Rhizobiales","Rhizobiaceae","uncultured"
"388","Otu01309",0,FALSE,FALSE,FALSE,FALSE,"Bacteria","Proteobacteria","Gammaproteobacteria","Gammaproteobacteria_unclassified","Gammaproteobacteria_unclassified","Gammaproteobacteria_unclassified"
"389","Otu01313",0,FALSE,FALSE,FALSE,FALSE,"Bacteria","Bacteroidetes","Bacteroidia","Bacteroidia_unclassified","Bacteroidia_unclassified","Bacteroidia_unclassified"
"390","Otu01317",0,FALSE,FALSE,FALSE,FALSE,"Bacteria","Proteobacteria","Gammaproteobacteria","Arenicellales","Arenicellaceae","Arenicella"
"391","Otu01325",0,FALSE,FALSE,FALSE,FALSE,"Bacteria","Proteobacteria","Alphaproteobacteria","Caulobacterales","Parvularculaceae","uncultured"
"392","Otu01327",0,FALSE,FALSE,FALSE,FALSE,"Bacteria","Proteobacteria","Gammaproteobacteria","Alteromonadales","Alteromonadaceae","Salinimonas"
"393","Otu01330",0,FALSE,FALSE,FALSE,FALSE,"Bacteria","Bacteroidetes","Bacteroidia","Chitinophagales","Saprospiraceae","Saprospiraceae_unclassified"
"394","Otu01331",0,FALSE,FALSE,FALSE,FALSE,"Bacteria","Planctomycetes","Phycisphaerae","Phycisphaerales","Phycisphaeraceae","SM1A02"
"395","Otu01332",0,FALSE,FALSE,FALSE,FALSE,"Bacteria","Proteobacteria","Alphaproteobacteria","Alphaproteobacteria_unclassified","Alphaproteobacteria_unclassified","Alphaproteobacteria_unclassified"
"396","Otu01338",0,FALSE,FALSE,FALSE,FALSE,"Bacteria","Proteobacteria","Gammaproteobacteria","Vibrionales","Vibrionaceae","Vibrio"
"397","Otu01345",0,FALSE,FALSE,FALSE,FALSE,"Bacteria","Proteobacteria","Gammaproteobacteria","Oceanospirillales","SS1-B-06-26","SS1-B-06-26_ge"
"398","Otu01346",0,FALSE,FALSE,FALSE,FALSE,"Bacteria","Proteobacteria","Alphaproteobacteria","Rhodobacterales","Rhodobacteraceae","Rhodobacteraceae_unclassified"
"399","Otu01348",0,FALSE,FALSE,FALSE,FALSE,"Bacteria","Proteobacteria","Alphaproteobacteria","Caulobacterales","Hyphomonadaceae","Hellea"
"400","Otu01349",0,FALSE,FALSE,FALSE,FALSE,"Bacteria","Acidobacteria","Thermoanaerobaculia","Thermoanaerobaculales","Thermoanaerobaculaceae","Subgroup_10"
"401","Otu01356",0,FALSE,FALSE,FALSE,FALSE,"Bacteria","Proteobacteria","Gammaproteobacteria","Thiotrichales","Thiotrichaceae","uncultured"
"402","Otu01376",0,FALSE,FALSE,FALSE,FALSE,"Bacteria","Planctomycetes","OM190","OM190_or","OM190_fa","OM190_ge"
"403","Otu01377",0,FALSE,FALSE,FALSE,FALSE,"Bacteria","Proteobacteria","Alphaproteobacteria","Rhodospirillales","Magnetospiraceae","Magnetospira"
"404","Otu01404",0,FALSE,FALSE,FALSE,FALSE,"Bacteria","Proteobacteria","Gammaproteobacteria","Thiohalorhabdales","Thiohalorhabdaceae","Granulosicoccus"
"405","Otu01431",0,FALSE,FALSE,FALSE,FALSE,"Bacteria","Bacteroidetes","Bacteroidia","Cytophagales","Cyclobacteriaceae","uncultured"
"406","Otu01435",0,FALSE,FALSE,FALSE,FALSE,"Bacteria","Proteobacteria","Gammaproteobacteria","Cellvibrionales","Halieaceae","Halioglobus"
"407","Otu01435",0,FALSE,FALSE,FALSE,FALSE,"Bacteria","Proteobacteria","Gammaproteobacteria","Cellvibrionales","Halieaceae","Halioglobus"
"408","Otu01446",0,FALSE,FALSE,FALSE,FALSE,"Bacteria","Planctomycetes","Planctomycetacia","Pirellulales","Pirellulaceae","Blastopirellula"
"409","Otu01458",0,FALSE,FALSE,FALSE,FALSE,"Bacteria","Proteobacteria","Alphaproteobacteria","Caulobacterales","Caulobacteraceae","Brevundimonas"
"410","Otu01488",0,FALSE,FALSE,FALSE,FALSE,"Bacteria","Bacteroidetes","Bacteroidia","Flavobacteriales","Flavobacteriaceae","NS4_marine_group"
"411","Otu01493",0,FALSE,FALSE,FALSE,FALSE,"Bacteria","Proteobacteria","Gammaproteobacteria","Alteromonadales","Pseudoalteromonadaceae","Algicola"
"412","Otu01498",0,FALSE,FALSE,FALSE,FALSE,"Bacteria","Actinobacteria","Actinobacteria","Corynebacteriales","Corynebacteriaceae","Lawsonella"
"413","Otu01537",0,FALSE,FALSE,FALSE,FALSE,"Bacteria","Planctomycetes","Phycisphaerae","Phycisphaerales","Phycisphaeraceae","SM1A02"
"414","Otu01600",0,FALSE,FALSE,FALSE,FALSE,"Bacteria","Proteobacteria","Gammaproteobacteria","Cellvibrionales","Halieaceae","Halieaceae_unclassified"
"415","Otu01608",0,FALSE,FALSE,FALSE,FALSE,"Bacteria","Bacteroidetes","Bacteroidia","Bacteroidales","Marinifilaceae","Marinifilum"
"416","Otu01610",0,FALSE,FALSE,FALSE,FALSE,"Bacteria","Proteobacteria","Gammaproteobacteria","Alteromonadales","Pseudoalteromonadaceae","Pseudoalteromonas"
"417","Otu01616",0,FALSE,FALSE,FALSE,FALSE,"Bacteria","Proteobacteria","Alphaproteobacteria","Rhodobacterales","Rhodobacteraceae","Rhodobacteraceae_unclassified"
"418","Otu01622",0,FALSE,FALSE,FALSE,FALSE,"Bacteria","Bacteroidetes","Bacteroidia","Bacteroidales","Marinifilaceae","uncultured"
"419","Otu01651",0,FALSE,FALSE,FALSE,FALSE,"Bacteria","Bacteroidetes","Bacteroidia","Cytophagales","Cyclobacteriaceae","Ekhidna"
"420","Otu01656",0,FALSE,FALSE,FALSE,FALSE,"Bacteria","Epsilonbacteraeota","Campylobacteria","Campylobacterales","Campylobacterales_unclassified","Campylobacterales_unclassified"
"421","Otu01658",0,FALSE,FALSE,FALSE,FALSE,"Bacteria","Planctomycetes","Phycisphaerae","Phycisphaerales","Phycisphaeraceae","SM1A02"
"422","Otu01662",0,FALSE,FALSE,FALSE,FALSE,"Bacteria","Proteobacteria","Alphaproteobacteria","Rickettsiales","Midichloriaceae","Midichloriaceae_unclassified"
"423","Otu01674",0,FALSE,FALSE,FALSE,FALSE,"Bacteria","Proteobacteria","Alphaproteobacteria","Alphaproteobacteria_unclassified","Alphaproteobacteria_unclassified","Alphaproteobacteria_unclassified"
"424","Otu01686",0,FALSE,FALSE,FALSE,FALSE,"Bacteria","Proteobacteria","Alphaproteobacteria","Rhodospirillales","Terasakiellaceae","uncultured"
"425","Otu01688",0,FALSE,FALSE,FALSE,FALSE,"Bacteria","Proteobacteria","Gammaproteobacteria","Thiotrichales","Thiotrichaceae","uncultured"
"426","Otu01693",0,FALSE,FALSE,FALSE,FALSE,"Bacteria","Proteobacteria","Gammaproteobacteria","Cellvibrionales","Halieaceae","Pseudohaliea"
"427","Otu01716",0,FALSE,FALSE,FALSE,FALSE,"Bacteria","Proteobacteria","Alphaproteobacteria","Sphingomonadales","Sphingomonadaceae","Erythrobacter"
"428","Otu01717",0,FALSE,FALSE,FALSE,FALSE,"Bacteria","Planctomycetes","OM190","OM190_or","OM190_fa","OM190_ge"
"429","Otu01725",0,FALSE,FALSE,FALSE,FALSE,"Archaea","Euryarchaeota","Halobacteria","Halobacteriales","Halococcaceae","Halococcus"
"430","Otu01732",0,FALSE,FALSE,FALSE,FALSE,"Bacteria","Proteobacteria","Gammaproteobacteria","Alteromonadales","Alteromonadaceae","Alteromonas"
"431","Otu01746",0,FALSE,FALSE,FALSE,FALSE,"Bacteria","Proteobacteria","Alphaproteobacteria","Rhodobacterales","Rhodobacteraceae","Actibacterium"
"432","Otu01751",0,FALSE,FALSE,FALSE,FALSE,"Bacteria","Acidobacteria","Subgroup_22","Subgroup_22_or","Subgroup_22_fa","Subgroup_22_ge"
"433","Otu01758",0,FALSE,FALSE,FALSE,FALSE,"Bacteria","Bacteroidetes","Bacteroidia","Cytophagales","Cyclobacteriaceae","uncultured"
"434","Otu01767",0,FALSE,FALSE,FALSE,FALSE,"Bacteria","Proteobacteria","Gammaproteobacteria","Betaproteobacteriales","Burkholderiaceae","Acidovorax"
"435","Otu01790",0,FALSE,FALSE,FALSE,FALSE,"Bacteria","Proteobacteria","Gammaproteobacteria","OM182_clade","OM182_clade_fa","OM182_clade_ge"
"436","Otu01791",0,FALSE,FALSE,FALSE,FALSE,"Bacteria","Proteobacteria","Deltaproteobacteria","PB19","PB19_fa","PB19_ge"
"437","Otu01803",0,FALSE,FALSE,FALSE,FALSE,"Bacteria","Bacteroidetes","Chlorobia","Chlorobiales","Chlorobiaceae","Prosthecochloris"
"438","Otu01825",0,FALSE,FALSE,FALSE,FALSE,"Bacteria","Proteobacteria","Gammaproteobacteria","Alteromonadales","Alteromonadaceae","Alteromonas"
"439","Otu01825",0,FALSE,FALSE,FALSE,FALSE,"Bacteria","Proteobacteria","Gammaproteobacteria","Alteromonadales","Alteromonadaceae","Alteromonas"
"440","Otu01842",0,FALSE,FALSE,FALSE,FALSE,"Bacteria","Bacteria_unclassified","Bacteria_unclassified","Bacteria_unclassified","Bacteria_unclassified","Bacteria_unclassified"
"441","Otu01911",0,FALSE,FALSE,FALSE,FALSE,"Bacteria","Bacteroidetes","Bacteroidia","Flavobacteriales","Cryomorphaceae","uncultured"
"442","Otu01919",0,FALSE,FALSE,FALSE,FALSE,"Bacteria","Planctomycetes","Planctomycetacia","Pirellulales","Pirellulaceae","Pir4_lineage"
"443","Otu01921",0,FALSE,FALSE,FALSE,FALSE,"Bacteria","Bacteroidetes","Bacteroidia","Chitinophagales","Saprospiraceae","uncultured"
"444","Otu01931",0,FALSE,FALSE,FALSE,FALSE,"Bacteria","Bacteroidetes","Bacteroidia","Flavobacteriales","Flavobacteriaceae","Winogradskyella"
"445","Otu01935",0,FALSE,FALSE,FALSE,FALSE,"Bacteria","Bacteroidetes","Bacteroidia","Flavobacteriales","Flavobacteriaceae","Psychroflexus"
"446","Otu01941",0,FALSE,FALSE,FALSE,FALSE,"Bacteria","Proteobacteria","Gammaproteobacteria","OM182_clade","OM182_clade_fa","OM182_clade_ge"
"447","Otu01964",0,FALSE,FALSE,FALSE,FALSE,"Bacteria","Proteobacteria","Alphaproteobacteria","Rhodobacterales","Rhodobacteraceae","Rhodobacteraceae_unclassified"
"448","Otu01979",0,FALSE,FALSE,FALSE,FALSE,"Bacteria","Proteobacteria","Deltaproteobacteria","Desulfobacterales","Desulfobacteraceae","Desulfofaba"
"449","Otu01999",0,FALSE,FALSE,FALSE,FALSE,"Bacteria","Bacteroidetes","Bacteroidia","Flavobacteriales","Crocinitomicaceae","Crocinitomicaceae_unclassified"
"450","Otu02027",0,FALSE,FALSE,FALSE,FALSE,"Bacteria","Proteobacteria","Deltaproteobacteria","Desulfobacterales","Desulfobacteraceae","Desulfobacter"
"451","Otu02045",0,FALSE,FALSE,FALSE,FALSE,"Bacteria","Proteobacteria","Alphaproteobacteria","Micavibrionales","uncultured","uncultured_ge"
"452","Otu02071",0,FALSE,FALSE,FALSE,FALSE,"Bacteria","Proteobacteria","Gammaproteobacteria","Steroidobacterales","Woeseiaceae","JTB255_marine_benthic_group"
"453","Otu02073",0,FALSE,FALSE,FALSE,FALSE,"Bacteria","Spirochaetes","Spirochaetia","Spirochaetales","Spirochaetaceae","Spirochaeta_2"
"454","Otu02074",0,FALSE,FALSE,FALSE,FALSE,"Bacteria","Planctomycetes","OM190","OM190_or","OM190_fa","OM190_ge"
"455","Otu02084",0,FALSE,FALSE,FALSE,FALSE,"Bacteria","Proteobacteria","Alphaproteobacteria","Micavibrionales","Micavibrionaceae","uncultured"
"456","Otu02089",0,FALSE,FALSE,FALSE,FALSE,"Bacteria","Bacteroidetes","Bacteroidia","Flavobacteriales","Flavobacteriaceae","Salegentibacter"
"457","Otu02131",0,FALSE,FALSE,FALSE,FALSE,"Bacteria","Proteobacteria","Alphaproteobacteria","Caulobacterales","Parvularculaceae","Parvularcula"
"458","Otu02135",0,FALSE,FALSE,FALSE,FALSE,"Bacteria","Proteobacteria","Gammaproteobacteria","Betaproteobacteriales","Neisseriaceae","Neisseria"
"459","Otu02141",0,FALSE,FALSE,FALSE,FALSE,"Bacteria","Proteobacteria","Alphaproteobacteria","Rhodobacterales","Rhodobacteraceae","Rhodobacteraceae_unclassified"
"460","Otu02179",0,FALSE,FALSE,FALSE,FALSE,"Bacteria","Proteobacteria","Alphaproteobacteria","Rhodobacterales","Rhodobacteraceae","Pseudooceanicola"
"461","Otu02181",0,FALSE,FALSE,FALSE,FALSE,"Bacteria","Planctomycetes","Phycisphaerae","Phycisphaerales","Phycisphaeraceae","SM1A02"
"462","Otu02211",0,FALSE,FALSE,FALSE,FALSE,"Bacteria","Proteobacteria","Gammaproteobacteria","Oceanospirillales","Kangiellaceae","Aliikangiella"
"463","Otu02233",0,FALSE,FALSE,FALSE,FALSE,"Bacteria","Proteobacteria","Gammaproteobacteria","Alteromonadales","Alteromonadaceae","Alteromonas"
"464","Otu02274",0,FALSE,FALSE,FALSE,FALSE,"Bacteria","Bacteroidetes","Bacteroidia","Flavobacteriales","Flavobacteriaceae","Winogradskyella"
"465","Otu02276",0,FALSE,FALSE,FALSE,FALSE,"Bacteria","Proteobacteria","Gammaproteobacteria","Gammaproteobacteria_Incertae_Sedis","Unknown_Family","uncultured"
"466","Otu02353",0,FALSE,FALSE,FALSE,FALSE,"Bacteria","Planctomycetes","Planctomycetacia","Pirellulales","Pirellulaceae","Blastopirellula"
"467","Otu02359",0,FALSE,FALSE,FALSE,FALSE,"Bacteria","Proteobacteria","Alphaproteobacteria","Caulobacterales","Hyphomonadaceae","uncultured"
"468","Otu02376",0,FALSE,FALSE,FALSE,FALSE,"Bacteria","Bacteroidetes","Bacteroidia","Flavobacteriales","Flavobacteriaceae","Gramella"
"469","Otu02410",0,FALSE,FALSE,FALSE,FALSE,"Bacteria","Proteobacteria","Gammaproteobacteria","Oceanospirillales","Saccharospirillaceae","Thalassolituus"
"470","Otu02415",0,FALSE,FALSE,FALSE,FALSE,"Bacteria","Planctomycetes","OM190","OM190_or","OM190_fa","OM190_ge"
"471","Otu02436",0,FALSE,FALSE,FALSE,FALSE,"Bacteria","Bacteroidetes","Bacteroidia","Cytophagales","Cyclobacteriaceae","Ekhidna"
"472","Otu02486",0,FALSE,FALSE,FALSE,FALSE,"Bacteria","Proteobacteria","Alphaproteobacteria","Rhodobacterales","Rhodobacteraceae","Rhodobacteraceae_unclassified"
"473","Otu02503",0,FALSE,FALSE,FALSE,FALSE,"Bacteria","Bacteroidetes","Bacteroidia","Flavobacteriales","Flavobacteriales_unclassified","Flavobacteriales_unclassified"
"474","Otu02519",0,FALSE,FALSE,FALSE,FALSE,"Bacteria","Proteobacteria","Gammaproteobacteria","Oceanospirillales","Oleiphilaceae","Oleiphilus"
"475","Otu02565",0,FALSE,FALSE,FALSE,FALSE,"Bacteria","Proteobacteria","Gammaproteobacteria","Gammaproteobacteria_unclassified","Gammaproteobacteria_unclassified","Gammaproteobacteria_unclassified"
"476","Otu02581",0,FALSE,FALSE,FALSE,FALSE,"Bacteria","Proteobacteria","Alphaproteobacteria","Micavibrionales","Micavibrionaceae","uncultured"
"477","Otu02615",0,FALSE,FALSE,FALSE,FALSE,"Bacteria","Proteobacteria","Alphaproteobacteria","Rhizobiales","Rhizobiales_Incertae_Sedis","Bauldia"
"478","Otu02660",0,FALSE,FALSE,FALSE,FALSE,"Bacteria","Patescibacteria","Parcubacteria","Candidatus_Campbellbacteria","Candidatus_Campbellbacteria_fa","Candidatus_Campbellbacteria_ge"
"479","Otu02681",0,FALSE,FALSE,FALSE,FALSE,"Bacteria","Proteobacteria","Alphaproteobacteria","Sphingomonadales","Sphingomonadaceae","Qipengyuania"
"480","Otu02690",0,FALSE,FALSE,FALSE,FALSE,"Bacteria","Proteobacteria","Deltaproteobacteria","Desulfobacterales","Desulfobacteraceae","Desulfofaba"
"481","Otu02713",0,FALSE,FALSE,FALSE,FALSE,"Bacteria","Proteobacteria","Gammaproteobacteria","Salinisphaerales","Salinisphaeraceae","Salinisphaera"
"482","Otu02723",0,FALSE,FALSE,FALSE,FALSE,"Bacteria","Proteobacteria","Gammaproteobacteria","Cellvibrionales","Cellvibrionaceae","Cellvibrionaceae_unclassified"
"483","Otu02726",0,FALSE,FALSE,FALSE,FALSE,"Bacteria","Verrucomicrobia","Verrucomicrobiae","Opitutales","Puniceicoccaceae","Puniceicoccaceae_unclassified"
"484","Otu02741",0,FALSE,FALSE,FALSE,FALSE,"Bacteria","Bacteroidetes","Bacteroidia","Cytophagales","Cyclobacteriaceae","uncultured"
"485","Otu02751",0,FALSE,FALSE,FALSE,FALSE,"Bacteria","Planctomycetes","Phycisphaerae","mle1-8","mle1-8_fa","mle1-8_ge"
"486","Otu02791",0,FALSE,FALSE,FALSE,FALSE,"Bacteria","Proteobacteria","Deltaproteobacteria","Desulfovibrionales","Desulfovibrionaceae","Halodesulfovibrio"
"487","Otu02836",0,FALSE,FALSE,FALSE,FALSE,"Bacteria","Proteobacteria","Gammaproteobacteria","Alteromonadales","Alteromonadaceae","Alteromonadaceae_unclassified"
"488","Otu02890",0,FALSE,FALSE,FALSE,FALSE,"Bacteria","Nitrospinae","P9X2b3D02","P9X2b3D02_or","P9X2b3D02_fa","P9X2b3D02_ge"
"489","Otu02897",0,FALSE,FALSE,FALSE,FALSE,"Bacteria","Verrucomicrobia","Verrucomicrobiae","Opitutales","Puniceicoccaceae","Lentimonas"
"490","Otu02931",0,FALSE,FALSE,FALSE,FALSE,"Bacteria","Proteobacteria","Gammaproteobacteria","Oceanospirillales","Oleiphilaceae","Oleiphilus"
"491","Otu02940",0,FALSE,FALSE,FALSE,FALSE,"Bacteria","Bacteroidetes","Bacteroidia","Cytophagales","Cyclobacteriaceae","Ekhidna"
"492","Otu02946",0,FALSE,FALSE,FALSE,FALSE,"Bacteria","Proteobacteria","Deltaproteobacteria","PB19","PB19_fa","PB19_ge"
"493","Otu03002",0,FALSE,FALSE,FALSE,FALSE,"Bacteria","Cyanobacteria","Oxyphotobacteria","Nostocales","Xenococcaceae","Xenococcus_PCC-7305"
"494","Otu03003",0,FALSE,FALSE,FALSE,FALSE,"Bacteria","Bacteria_unclassified","Bacteria_unclassified","Bacteria_unclassified","Bacteria_unclassified","Bacteria_unclassified"
"495","Otu03006",0,FALSE,FALSE,FALSE,FALSE,"Bacteria","Proteobacteria","Alphaproteobacteria","Kordiimonadales","Kordiimonadaceae","Kordiimonas"
"496","Otu03042",0,FALSE,FALSE,FALSE,FALSE,"Bacteria","Proteobacteria","Gammaproteobacteria","Arenicellales","Arenicellaceae","Arenicella"
"497","Otu03087",0,FALSE,FALSE,FALSE,FALSE,"Bacteria","Proteobacteria","Deltaproteobacteria","Desulfovibrionales","Desulfovibrionaceae","Halodesulfovibrio"
"498","Otu03160",0,FALSE,FALSE,FALSE,FALSE,"Bacteria","Firmicutes","Clostridia","Clostridiales","Family_XII","Fusibacter"
"499","Otu03173",0,FALSE,FALSE,FALSE,FALSE,"Bacteria","Cyanobacteria","Oxyphotobacteria","Oxyphotobacteria_unclassified","Oxyphotobacteria_unclassified","Oxyphotobacteria_unclassified"
"500","Otu03190",0,FALSE,FALSE,FALSE,FALSE,"Bacteria","Proteobacteria","Gammaproteobacteria","Gammaproteobacteria_unclassified","Gammaproteobacteria_unclassified","Gammaproteobacteria_unclassified"
"501","Otu03197",0,FALSE,FALSE,FALSE,FALSE,"Bacteria","Proteobacteria","Alphaproteobacteria","Rhodobacterales","Rhodobacteraceae","Rhodobacteraceae_unclassified"
"502","Otu03215",0,FALSE,FALSE,FALSE,FALSE,"Bacteria","Acetothermia","Acetothermiia","Acetothermiia_or","Acetothermiia_fa","Acetothermiia_ge"
"503","Otu03280",0,FALSE,FALSE,FALSE,FALSE,"Bacteria","Proteobacteria","Alphaproteobacteria","Caulobacterales","Parvularculaceae","Parvularcula"
"504","Otu03285",0,FALSE,FALSE,FALSE,FALSE,"Bacteria","Proteobacteria","Gammaproteobacteria","Alteromonadales","Alteromonadaceae","Alteromonadaceae_unclassified"
"505","Otu03320",0,FALSE,FALSE,FALSE,FALSE,"Bacteria","Firmicutes","Bacilli","Bacillales","Staphylococcaceae","Nosocomiicoccus"
"506","Otu03337",0,FALSE,FALSE,FALSE,FALSE,"Bacteria","Proteobacteria","Alphaproteobacteria","Micavibrionales","Micavibrionales_unclassified","Micavibrionales_unclassified"
"507","Otu03338",0,FALSE,FALSE,FALSE,FALSE,"Bacteria","Bacteroidetes","Bacteroidia","Chitinophagales","Saprospiraceae","Portibacter"
"508","Otu03372",0,FALSE,FALSE,FALSE,FALSE,"Bacteria","Proteobacteria","Alphaproteobacteria","SAR11_clade","Clade_II","Clade_II_ge"
"509","Otu03393",0,FALSE,FALSE,FALSE,FALSE,"Bacteria","Proteobacteria","Gammaproteobacteria","Gammaproteobacteria_unclassified","Gammaproteobacteria_unclassified","Gammaproteobacteria_unclassified"
"510","Otu03444",0,FALSE,FALSE,FALSE,FALSE,"Bacteria","Bacteroidetes","Bacteroidia","Flavobacteriales","Flavobacteriaceae","Tenacibaculum"
"511","Otu03484",0,FALSE,FALSE,FALSE,FALSE,"Bacteria","Proteobacteria","Deltaproteobacteria","Bdellovibrionales","Bdellovibrionaceae","OM27_clade"
"512","Otu03528",0,FALSE,FALSE,FALSE,FALSE,"Bacteria","Bacteroidetes","Bacteroidia","Cytophagales","Cyclobacteriaceae","Cyclobacteriaceae_unclassified"
"513","Otu03530",0,FALSE,FALSE,FALSE,FALSE,"Bacteria","Bacteroidetes","Bacteroidia","Bacteroidia_unclassified","Bacteroidia_unclassified","Bacteroidia_unclassified"
"514","Otu03648",0,FALSE,FALSE,FALSE,FALSE,"Bacteria","Proteobacteria","Gammaproteobacteria","Alteromonadales","Pseudoalteromonadaceae","Pseudoalteromonas"
"515","Otu03683",0,FALSE,FALSE,FALSE,FALSE,"Bacteria","Bacteroidetes","Bacteroidia","Flavobacteriales","Flavobacteriales_unclassified","Flavobacteriales_unclassified"
"516","Otu03691",0,FALSE,FALSE,FALSE,FALSE,"Bacteria","Bacteria_unclassified","Bacteria_unclassified","Bacteria_unclassified","Bacteria_unclassified","Bacteria_unclassified"
"517","Otu03714",0,FALSE,FALSE,FALSE,FALSE,"Bacteria","Proteobacteria","Alphaproteobacteria","Rhodospirillales","Magnetospiraceae","uncultured"
"518","Otu03715",0,FALSE,FALSE,FALSE,FALSE,"Bacteria","Proteobacteria","Alphaproteobacteria","Rhodospirillales","Thalassospiraceae","Thalassospira"
"519","Otu03772",0,FALSE,FALSE,FALSE,FALSE,"Bacteria","Bacteroidetes","Bacteroidia","Cytophagales","Cyclobacteriaceae","uncultured"
"520","Otu03781",0,FALSE,FALSE,FALSE,FALSE,"Bacteria","Planctomycetes","Planctomycetacia","Planctomycetales","Planctomycetales_unclassified","Planctomycetales_unclassified"
"521","Otu03783",0,FALSE,FALSE,FALSE,FALSE,"Bacteria","Proteobacteria","Deltaproteobacteria","Bdellovibrionales","Bdellovibrionaceae","OM27_clade"
"522","Otu03918",0,FALSE,FALSE,FALSE,FALSE,"Bacteria","Proteobacteria","Gammaproteobacteria","Cellvibrionales","Halieaceae","Halioglobus"
"523","Otu03938",0,FALSE,FALSE,FALSE,FALSE,"Bacteria","Proteobacteria","Alphaproteobacteria","Rhodospirillales","Magnetospiraceae","Magnetospira"
"524","Otu03939",0,FALSE,FALSE,FALSE,FALSE,"Bacteria","Proteobacteria","Deltaproteobacteria","Desulfobacterales","Desulfobacteraceae","Desulfofaba"
"525","Otu03942",0,FALSE,FALSE,FALSE,FALSE,"Bacteria","Proteobacteria","Gammaproteobacteria","Gammaproteobacteria_Incertae_Sedis","Unknown_Family","Marinicella"
"526","Otu03945",0,FALSE,FALSE,FALSE,FALSE,"Bacteria","Proteobacteria","Gammaproteobacteria","Pseudomonadales","Pseudomonadaceae","Pseudomonas"
"527","Otu03959",0,FALSE,FALSE,FALSE,FALSE,"Bacteria","Proteobacteria","Gammaproteobacteria","Alteromonadales","Pseudoalteromonadaceae","Algicola"
"528","Otu04184",0,FALSE,FALSE,FALSE,FALSE,"Archaea","Euryarchaeota","Halobacteria","Halobacteriales","Halococcaceae","Halococcus"
"529","Otu04300",0,FALSE,FALSE,FALSE,FALSE,"Bacteria","Bacteroidetes","Bacteroidia","Flavobacteriales","Flavobacteriaceae","Tenacibaculum"
"530","Otu04433",0,FALSE,FALSE,FALSE,FALSE,"Bacteria","Bacteroidetes","Bacteroidia","Bacteroidia_unclassified","Bacteroidia_unclassified","Bacteroidia_unclassified"
"531","Otu04440",0,FALSE,FALSE,FALSE,FALSE,"Bacteria","Bacteroidetes","Bacteroidia","Flavobacteriales","Flavobacteriaceae","Lutaonella"
"532","Otu04442",0,FALSE,FALSE,FALSE,FALSE,"Bacteria","Bacteroidetes","Bacteroidia","Chitinophagales","uncultured","uncultured_ge"
"533","Otu04725",0,FALSE,FALSE,FALSE,FALSE,"Bacteria","Verrucomicrobia","Verrucomicrobiae","Verrucomicrobiales","Rubritaleaceae","Persicirhabdus"
"534","Otu04733",0,FALSE,FALSE,FALSE,FALSE,"Bacteria","Cyanobacteria","Melainabacteria","Caenarcaniphilales","Caenarcaniphilales_fa","Caenarcaniphilales_ge"
"535","Otu04753",0,FALSE,FALSE,FALSE,FALSE,"Bacteria","Bacteroidetes","Bacteroidia","Cytophagales","Cyclobacteriaceae","uncultured"
"536","Otu04838",0,FALSE,FALSE,FALSE,FALSE,"Bacteria","Proteobacteria","Gammaproteobacteria","Gammaproteobacteria_unclassified","Gammaproteobacteria_unclassified","Gammaproteobacteria_unclassified"
"537","Otu04934",0,FALSE,FALSE,FALSE,FALSE,"Bacteria","Bacteroidetes","Bacteroidia","Chitinophagales","Saprospiraceae","Lewinella"
"538","Otu04961",0,FALSE,FALSE,FALSE,FALSE,"Bacteria","Proteobacteria","Gammaproteobacteria","Cellvibrionales","Cellvibrionales_unclassified","Cellvibrionales_unclassified"
"539","Otu05189",0,FALSE,FALSE,FALSE,FALSE,"Bacteria","Proteobacteria","Gammaproteobacteria","Cellvibrionales","Spongiibacteraceae","BD1-7_clade"
"540","Otu05245",0,FALSE,FALSE,FALSE,FALSE,"Bacteria","Bacteroidetes","Bacteroidia","Bacteroidales","Marinilabiliaceae","uncultured"
"541","Otu05437",0,FALSE,FALSE,FALSE,FALSE,"Bacteria","Proteobacteria","Gammaproteobacteria","Betaproteobacteriales","Methylophilaceae","Methylophilaceae_unclassified"
"542","Otu05632",0,FALSE,FALSE,FALSE,FALSE,"Bacteria","Bacteroidetes","Bacteroidia","Bacteroidia_unclassified","Bacteroidia_unclassified","Bacteroidia_unclassified"
"543","Otu05680",0,FALSE,FALSE,FALSE,FALSE,"Bacteria","Proteobacteria","Alphaproteobacteria","Micavibrionales","Micavibrionaceae","uncultured"
"544","Otu05852",0,FALSE,FALSE,FALSE,FALSE,"Bacteria","Proteobacteria","Alphaproteobacteria","Rhodospirillales","Magnetospiraceae","uncultured"
"545","Otu06279",0,FALSE,FALSE,FALSE,FALSE,"Bacteria","Proteobacteria","Alphaproteobacteria","Caulobacterales","Hyphomonadaceae","Algimonas"
"546","Otu06536",0,FALSE,FALSE,FALSE,FALSE,"Bacteria","Proteobacteria","Alphaproteobacteria","Caulobacterales","Parvularculaceae","Parvularcula"
"547","Otu06905",0,FALSE,FALSE,FALSE,FALSE,"Bacteria","Dependentiae","Babeliae","Babeliales","Babeliales_unclassified","Babeliales_unclassified"
"548","Otu07305",0,FALSE,FALSE,FALSE,FALSE,"Bacteria","Proteobacteria","Alphaproteobacteria","Rhodobacterales","Rhodobacteraceae","Rhodobacteraceae_unclassified"
"549","Otu08493",0,FALSE,FALSE,FALSE,FALSE,"Bacteria","Patescibacteria","Parcubacteria","Candidatus_Kaiserbacteria","Candidatus_Kaiserbacteria_fa","Candidatus_Kaiserbacteria_ge"
"550","Otu08948",0,FALSE,FALSE,FALSE,FALSE,"Bacteria","Proteobacteria","Gammaproteobacteria","Alteromonadales","Alteromonadaceae","Alteromonadaceae_unclassified"
"551","Otu09944",0,FALSE,FALSE,FALSE,FALSE,"Bacteria","Bacteroidetes","Bacteroidia","Cytophagales","Cyclobacteriaceae","Reichenbachiella"
"552","Otu11357",0,FALSE,FALSE,FALSE,FALSE,"Bacteria","Nitrospirae","Nitrospira","Nitrospirales","Nitrospiraceae","Nitrospira"
