taxa_id,CLR_mean_dif,W,detected_0.9,detected_0.8,detected_0.7,detected_0.6,Domain,Phylum,Order,Class,Family,Genus
Otu00001,-0.244228698,0,FALSE,FALSE,FALSE,FALSE,Bacteria,Proteobacteria,Gammaproteobacteria,Oceanospirillales,Endozoicomonadaceae,Endozoicomonas
Otu00001,-0.464050208,0,FALSE,FALSE,FALSE,FALSE,Bacteria,Proteobacteria,Gammaproteobacteria,Oceanospirillales,Endozoicomonadaceae,Endozoicomonas
Otu00002,-0.238974426,0,FALSE,FALSE,FALSE,FALSE,Bacteria,Proteobacteria,Gammaproteobacteria,Oceanospirillales,Endozoicomonadaceae,Endozoicomonas
Otu00002,-0.636489542,0,FALSE,FALSE,FALSE,FALSE,Bacteria,Proteobacteria,Gammaproteobacteria,Oceanospirillales,Endozoicomonadaceae,Endozoicomonas
Otu00004,-0.481188664,0,FALSE,FALSE,FALSE,FALSE,Bacteria,Proteobacteria,Deltaproteobacteria,Myxococcales,P3OB-42,P3OB-42_ge
Otu00004,-2.367496313,0,FALSE,FALSE,FALSE,FALSE,Bacteria,Proteobacteria,Deltaproteobacteria,Myxococcales,P3OB-42,P3OB-42_ge
Otu00006,-0.307122728,0,FALSE,FALSE,FALSE,FALSE,Bacteria,Proteobacteria,Gammaproteobacteria,Oceanospirillales,Endozoicomonadaceae,Endozoicomonas
Otu00006,0.206089922,0,FALSE,FALSE,FALSE,FALSE,Bacteria,Proteobacteria,Gammaproteobacteria,Oceanospirillales,Endozoicomonadaceae,Endozoicomonas
Otu00011,0.455990309,0,FALSE,FALSE,FALSE,FALSE,Bacteria,Bacteroidetes,Bacteroidia,Cytophagales,Amoebophilaceae,Candidatus_Amoebophilus
Otu00013,-0.414633586,0,FALSE,FALSE,FALSE,FALSE,Bacteria,Proteobacteria,Deltaproteobacteria,Myxococcales,P3OB-42,P3OB-42_ge
Otu00013,-0.997532541,0,FALSE,FALSE,FALSE,FALSE,Bacteria,Proteobacteria,Deltaproteobacteria,Myxococcales,P3OB-42,P3OB-42_ge
Otu00015,0.941798686,0,FALSE,FALSE,FALSE,FALSE,Bacteria,Cyanobacteria,Oxyphotobacteria,Phormidesmiales,Nodosilineaceae,MBIC10086
Otu00015,1.466958844,0,FALSE,FALSE,FALSE,FALSE,Bacteria,Cyanobacteria,Oxyphotobacteria,Phormidesmiales,Nodosilineaceae,MBIC10086
Otu00019,-0.097368794,0,FALSE,FALSE,FALSE,FALSE,Bacteria,Cyanobacteria,Oxyphotobacteria,Synechococcales,Cyanobiaceae,Synechococcus_CC9902
Otu00019,0.013737781,0,FALSE,FALSE,FALSE,FALSE,Bacteria,Cyanobacteria,Oxyphotobacteria,Synechococcales,Cyanobiaceae,Synechococcus_CC9902
Otu00023,0.146720756,0,FALSE,FALSE,FALSE,FALSE,Bacteria,Proteobacteria,Gammaproteobacteria,Oceanospirillales,Endozoicomonadaceae,Endozoicomonas
Otu00025,0.379188108,0,FALSE,FALSE,FALSE,FALSE,Bacteria,Proteobacteria,Alphaproteobacteria,Rhodobacterales,Rhodobacteraceae,Ruegeria
Otu00025,-1.766151999,324,FALSE,TRUE,TRUE,TRUE,Bacteria,Proteobacteria,Alphaproteobacteria,Rhodobacterales,Rhodobacteraceae,Ruegeria
Otu00031,-0.121224157,0,FALSE,FALSE,FALSE,FALSE,Bacteria,Proteobacteria,Gammaproteobacteria,Oceanospirillales,Endozoicomonadaceae,Endozoicomonas
Otu00031,-0.030570854,0,FALSE,FALSE,FALSE,FALSE,Bacteria,Proteobacteria,Gammaproteobacteria,Oceanospirillales,Endozoicomonadaceae,Endozoicomonas
Otu00047,-0.209421373,0,FALSE,FALSE,FALSE,FALSE,Bacteria,Proteobacteria,Alphaproteobacteria,Rhodobacterales,Rhodobacteraceae,Ruegeria
Otu00048,-0.659704326,0,FALSE,FALSE,FALSE,FALSE,Bacteria,Cyanobacteria,Oxyphotobacteria,Oxyphotobacteria_unclassified,Oxyphotobacteria_unclassified,Oxyphotobacteria_unclassified
Otu00052,0.374570184,0,FALSE,FALSE,FALSE,FALSE,Bacteria,Epsilonbacteraeota,Campylobacteria,Campylobacterales,Arcobacteraceae,Arcobacter
Otu00055,-0.658616322,0,FALSE,FALSE,FALSE,FALSE,Bacteria,Proteobacteria,Gammaproteobacteria,Alteromonadales,Pseudoalteromonadaceae,Algicola
Otu00058,1.823455202,137,TRUE,TRUE,TRUE,TRUE,Bacteria,Bacteroidetes,Chlorobia,Chlorobiales,Chlorobiaceae,Prosthecochloris
Otu00062,-0.497274721,372,TRUE,TRUE,TRUE,TRUE,Bacteria,Proteobacteria,Gammaproteobacteria,Alteromonadales,Alteromonadaceae,Alteromonas
Otu00062,0.001453007,0,FALSE,FALSE,FALSE,FALSE,Bacteria,Proteobacteria,Gammaproteobacteria,Alteromonadales,Alteromonadaceae,Alteromonas
Otu00068,0.316540588,0,FALSE,FALSE,FALSE,FALSE,Bacteria,Proteobacteria,Alphaproteobacteria,Alphaproteobacteria_unclassified,Alphaproteobacteria_unclassified,Alphaproteobacteria_unclassified
Otu00068,-0.547998481,0,FALSE,FALSE,FALSE,FALSE,Bacteria,Proteobacteria,Alphaproteobacteria,Alphaproteobacteria_unclassified,Alphaproteobacteria_unclassified,Alphaproteobacteria_unclassified
Otu00072,-0.217873179,0,FALSE,FALSE,FALSE,FALSE,Bacteria,Proteobacteria,Alphaproteobacteria,Kordiimonadales,Kordiimonadales_Incertae_Sedis,Eilatimonas
Otu00073,0.261406799,0,FALSE,FALSE,FALSE,FALSE,Bacteria,Proteobacteria,Alphaproteobacteria,Rhodobacterales,Rhodobacteraceae,Rhodobacteraceae_unclassified
Otu00074,-0.307746957,0,FALSE,FALSE,FALSE,FALSE,Bacteria,Proteobacteria,Alphaproteobacteria,Rhodobacterales,Rhodobacteraceae,Shimia
Otu00078,-0.145196167,0,FALSE,FALSE,FALSE,FALSE,Bacteria,Proteobacteria,Gammaproteobacteria,Oceanospirillales,Endozoicomonadaceae,Endozoicomonas
Otu00079,0.039815609,0,FALSE,FALSE,FALSE,FALSE,Bacteria,Proteobacteria,Alphaproteobacteria,Thalassobaculales,uncultured,uncultured_ge
Otu00080,-0.161024595,0,FALSE,FALSE,FALSE,FALSE,Bacteria,Proteobacteria,Gammaproteobacteria,Alteromonadales,Pseudoalteromonadaceae,Pseudoalteromonas
Otu00080,-1.442121909,0,FALSE,FALSE,FALSE,FALSE,Bacteria,Proteobacteria,Gammaproteobacteria,Alteromonadales,Pseudoalteromonadaceae,Pseudoalteromonas
Otu00084,0.261232191,0,FALSE,FALSE,FALSE,FALSE,Bacteria,Proteobacteria,Alphaproteobacteria,Rhodospirillales,Thalassospiraceae,Thalassospira
Otu00090,0.138755041,0,FALSE,FALSE,FALSE,FALSE,Bacteria,Actinobacteria,Actinobacteria,Micrococcales,Micrococcaceae,Paeniglutamicibacter
Otu00090,0.158361114,0,FALSE,FALSE,FALSE,FALSE,Bacteria,Actinobacteria,Actinobacteria,Micrococcales,Micrococcaceae,Paeniglutamicibacter
Otu00091,-0.07977199,0,FALSE,FALSE,FALSE,FALSE,Bacteria,Actinobacteria,Actinobacteria,Micrococcales,Micrococcaceae,Arthrobacter
Otu00091,-0.186849403,0,FALSE,FALSE,FALSE,FALSE,Bacteria,Actinobacteria,Actinobacteria,Micrococcales,Micrococcaceae,Arthrobacter
Otu00092,-0.188952446,0,FALSE,FALSE,FALSE,FALSE,Bacteria,Proteobacteria,Deltaproteobacteria,Myxococcales,Nannocystaceae,uncultured
Otu00092,1.158084107,142,TRUE,TRUE,TRUE,TRUE,Bacteria,Proteobacteria,Deltaproteobacteria,Myxococcales,Nannocystaceae,uncultured
Otu00093,-0.500413271,0,FALSE,FALSE,FALSE,FALSE,Bacteria,Cyanobacteria,Oxyphotobacteria,Nostocales,Nostocaceae,Rivularia_PCC-7116
Otu00096,-0.078053429,0,FALSE,FALSE,FALSE,FALSE,Bacteria,Proteobacteria,Alphaproteobacteria,Rhodobacterales,Rhodobacteraceae,Rhodobacteraceae_unclassified
Otu00096,-0.292127882,0,FALSE,FALSE,FALSE,FALSE,Bacteria,Proteobacteria,Alphaproteobacteria,Rhodobacterales,Rhodobacteraceae,Rhodobacteraceae_unclassified
Otu00097,-0.081758077,0,FALSE,FALSE,FALSE,FALSE,Bacteria,Proteobacteria,Gammaproteobacteria,Oceanospirillales,Endozoicomonadaceae,Endozoicomonas
Otu00097,-0.035836396,0,FALSE,FALSE,FALSE,FALSE,Bacteria,Proteobacteria,Gammaproteobacteria,Oceanospirillales,Endozoicomonadaceae,Endozoicomonas
Otu00101,-0.506572578,238,FALSE,FALSE,FALSE,FALSE,Bacteria,Proteobacteria,Gammaproteobacteria,Alteromonadales,Alteromonadales_unclassified,Alteromonadales_unclassified
Otu00102,-0.062226357,0,FALSE,FALSE,FALSE,FALSE,Bacteria,Proteobacteria,Gammaproteobacteria,Alteromonadales,Pseudoalteromonadaceae,Pseudoalteromonas
Otu00102,-1.129305211,345,FALSE,TRUE,TRUE,TRUE,Bacteria,Proteobacteria,Gammaproteobacteria,Alteromonadales,Pseudoalteromonadaceae,Pseudoalteromonas
Otu00104,-0.179854247,0,FALSE,FALSE,FALSE,FALSE,Bacteria,Proteobacteria,Alphaproteobacteria,Caulobacterales,Hyphomonadaceae,Hyphomonadaceae_unclassified
Otu00104,0.157404917,0,FALSE,FALSE,FALSE,FALSE,Bacteria,Proteobacteria,Alphaproteobacteria,Caulobacterales,Hyphomonadaceae,Hyphomonadaceae_unclassified
Otu00105,0.642181446,0,FALSE,FALSE,FALSE,FALSE,Bacteria,Proteobacteria,Deltaproteobacteria,Myxococcales,BIrii41,BIrii41_ge
Otu00105,0.105351524,0,FALSE,FALSE,FALSE,FALSE,Bacteria,Proteobacteria,Deltaproteobacteria,Myxococcales,BIrii41,BIrii41_ge
Otu00109,0.002168909,0,FALSE,FALSE,FALSE,FALSE,Bacteria,Proteobacteria,Gammaproteobacteria,Oceanospirillales,Endozoicomonadaceae,Endozoicomonas
Otu00109,0.097826542,0,FALSE,FALSE,FALSE,FALSE,Bacteria,Proteobacteria,Gammaproteobacteria,Oceanospirillales,Endozoicomonadaceae,Endozoicomonas
Otu00112,0.024292896,0,FALSE,FALSE,FALSE,FALSE,Bacteria,Proteobacteria,Gammaproteobacteria,Vibrionales,Vibrionaceae,Catenococcus
Otu00114,0.142113045,0,FALSE,FALSE,FALSE,FALSE,Bacteria,Proteobacteria,Alphaproteobacteria,Rhodobacterales,Rhodobacteraceae,Thalassobius
Otu00115,-0.181131838,0,FALSE,FALSE,FALSE,FALSE,Bacteria,Actinobacteria,Acidimicrobiia,Actinomarinales,Actinomarinaceae,Candidatus_Actinomarina
Otu00115,0.253445837,0,FALSE,FALSE,FALSE,FALSE,Bacteria,Actinobacteria,Acidimicrobiia,Actinomarinales,Actinomarinaceae,Candidatus_Actinomarina
Otu00116,0.190745665,0,FALSE,FALSE,FALSE,FALSE,Bacteria,Proteobacteria,Gammaproteobacteria,Francisellales,Francisellaceae,Francisellaceae_ge
Otu00117,0.155429724,0,FALSE,FALSE,FALSE,FALSE,Bacteria,Bacteroidetes,Bacteroidia,Bacteroidia_unclassified,Bacteroidia_unclassified,Bacteroidia_unclassified
Otu00127,-0.166769664,0,FALSE,FALSE,FALSE,FALSE,Bacteria,Proteobacteria,Alphaproteobacteria,Caulobacterales,Hyphomonadaceae,Hyphomonadaceae_unclassified
Otu00132,-0.075519064,0,FALSE,FALSE,FALSE,FALSE,Bacteria,Proteobacteria,Deltaproteobacteria,Desulfobacterales,Desulfobacteraceae,Desulfobacter
Otu00132,0.150798163,0,FALSE,FALSE,FALSE,FALSE,Bacteria,Proteobacteria,Deltaproteobacteria,Desulfobacterales,Desulfobacteraceae,Desulfobacter
Otu00139,0.120445601,0,FALSE,FALSE,FALSE,FALSE,Bacteria,Bacteroidetes,Bacteroidia,Cytophagales,Cyclobacteriaceae,uncultured
Otu00139,-0.066249127,0,FALSE,FALSE,FALSE,FALSE,Bacteria,Bacteroidetes,Bacteroidia,Cytophagales,Cyclobacteriaceae,uncultured
Otu00141,-0.187358973,0,FALSE,FALSE,FALSE,FALSE,Bacteria,Bacteroidetes,Bacteroidia,Flavobacteriales,Flavobacteriaceae,Muricauda
Otu00142,-0.153455198,0,FALSE,FALSE,FALSE,FALSE,Bacteria,Proteobacteria,Alphaproteobacteria,Rhodospirillales,AEGEAN-169_marine_group,AEGEAN-169_marine_group_ge
Otu00142,-0.07656631,0,FALSE,FALSE,FALSE,FALSE,Bacteria,Proteobacteria,Alphaproteobacteria,Rhodospirillales,AEGEAN-169_marine_group,AEGEAN-169_marine_group_ge
Otu00146,0.051935175,0,FALSE,FALSE,FALSE,FALSE,Bacteria,Cyanobacteria,Oxyphotobacteria,Nostocales,Paraspirulinaceae,Spirulina_P7
Otu00151,0.076946491,0,FALSE,FALSE,FALSE,FALSE,Bacteria,Firmicutes,Bacilli,Bacillales,Staphylococcaceae,Staphylococcus
Otu00151,-0.119888922,0,FALSE,FALSE,FALSE,FALSE,Bacteria,Firmicutes,Bacilli,Bacillales,Staphylococcaceae,Staphylococcus
Otu00153,-0.441099955,0,FALSE,FALSE,FALSE,FALSE,Bacteria,Proteobacteria,Alphaproteobacteria,Rhizobiales,Stappiaceae,Labrenzia
Otu00155,-0.410562972,0,FALSE,FALSE,FALSE,FALSE,Bacteria,Proteobacteria,Alphaproteobacteria,Caulobacterales,Hyphomonadaceae,uncultured
Otu00156,-0.049986262,0,FALSE,FALSE,FALSE,FALSE,Bacteria,Bacteroidetes,Bacteroidia,Chitinophagales,Saprospiraceae,uncultured
Otu00163,0.288246946,0,FALSE,FALSE,FALSE,FALSE,Bacteria,Proteobacteria,Alphaproteobacteria,SAR11_clade,Clade_I,Clade_Ia
Otu00163,0.082752741,0,FALSE,FALSE,FALSE,FALSE,Bacteria,Proteobacteria,Alphaproteobacteria,SAR11_clade,Clade_I,Clade_Ia
Otu00167,0.106113027,0,FALSE,FALSE,FALSE,FALSE,Bacteria,Proteobacteria,Gammaproteobacteria,Vibrionales,Vibrionaceae,Vibrio
Otu00172,-0.012197258,0,FALSE,FALSE,FALSE,FALSE,Bacteria,Proteobacteria,Gammaproteobacteria,Pseudomonadales,Pseudomonadaceae,Pseudomonas
Otu00174,0.427629127,0,FALSE,FALSE,FALSE,FALSE,Bacteria,Proteobacteria,Gammaproteobacteria,Oceanospirillales,Nitrincolaceae,Neptuniibacter
Otu00179,-0.25872043,0,FALSE,FALSE,FALSE,FALSE,Bacteria,Proteobacteria,Gammaproteobacteria,Gammaproteobacteria_unclassified,Gammaproteobacteria_unclassified,Gammaproteobacteria_unclassified
Otu00193,-0.303656442,0,FALSE,FALSE,FALSE,FALSE,Bacteria,Firmicutes,Bacilli,Bacillales,Staphylococcaceae,Staphylococcus
Otu00194,-0.025524855,0,FALSE,FALSE,FALSE,FALSE,Bacteria,Cyanobacteria,Oxyphotobacteria,Synechococcales,Cyanobiaceae,Cyanobium_PCC-6307
Otu00196,0.112842194,0,FALSE,FALSE,FALSE,FALSE,Bacteria,Proteobacteria,Gammaproteobacteria,Cellvibrionales,Cellvibrionaceae,Cellvibrionaceae_unclassified
Otu00196,0.150213409,0,FALSE,FALSE,FALSE,FALSE,Bacteria,Proteobacteria,Gammaproteobacteria,Cellvibrionales,Cellvibrionaceae,Cellvibrionaceae_unclassified
Otu00197,-0.130047296,0,FALSE,FALSE,FALSE,FALSE,Bacteria,Proteobacteria,Alphaproteobacteria,Rhodobacterales,Rhodobacteraceae,Thalassobius
Otu00198,-0.058489032,0,FALSE,FALSE,FALSE,FALSE,Bacteria,Bacteroidetes,Bacteroidia,Flavobacteriales,Flavobacteriaceae,Aquimarina
Otu00201,-0.135164992,0,FALSE,FALSE,FALSE,FALSE,Bacteria,Proteobacteria,Alphaproteobacteria,Rhodobacterales,Rhodobacteraceae,Rhodobacteraceae_unclassified
Otu00202,-0.023290246,0,FALSE,FALSE,FALSE,FALSE,Bacteria,Proteobacteria,Gammaproteobacteria,Oceanospirillales,Endozoicomonadaceae,Endozoicomonas
Otu00203,0.106943893,0,FALSE,FALSE,FALSE,FALSE,Bacteria,Proteobacteria,Gammaproteobacteria,Gammaproteobacteria_unclassified,Gammaproteobacteria_unclassified,Gammaproteobacteria_unclassified
Otu00206,0.202486672,0,FALSE,FALSE,FALSE,FALSE,Bacteria,Bacteroidetes,Bacteroidia,Flavobacteriales,Flavobacteriaceae,Muricauda
Otu00208,-0.029566166,0,FALSE,FALSE,FALSE,FALSE,Bacteria,Proteobacteria,Gammaproteobacteria,Alteromonadales,Colwelliaceae,Thalassotalea
Otu00219,-0.159894288,0,FALSE,FALSE,FALSE,FALSE,Bacteria,Proteobacteria,Gammaproteobacteria,Oceanospirillales,Endozoicomonadaceae,Endozoicomonas
Otu00222,-0.106234914,0,FALSE,FALSE,FALSE,FALSE,Bacteria,Proteobacteria,Gammaproteobacteria,Alteromonadales,Colwelliaceae,Thalassotalea
Otu00224,-0.074721946,0,FALSE,FALSE,FALSE,FALSE,Bacteria,Proteobacteria,Gammaproteobacteria,SAR86_clade,SAR86_clade_fa,SAR86_clade_ge
Otu00224,-0.126797862,0,FALSE,FALSE,FALSE,FALSE,Bacteria,Proteobacteria,Gammaproteobacteria,SAR86_clade,SAR86_clade_fa,SAR86_clade_ge
Otu00226,-0.03480764,0,FALSE,FALSE,FALSE,FALSE,Bacteria,Proteobacteria,Gammaproteobacteria,Gammaproteobacteria_unclassified,Gammaproteobacteria_unclassified,Gammaproteobacteria_unclassified
Otu00226,0.092604737,0,FALSE,FALSE,FALSE,FALSE,Bacteria,Proteobacteria,Gammaproteobacteria,Gammaproteobacteria_unclassified,Gammaproteobacteria_unclassified,Gammaproteobacteria_unclassified
Otu00227,-0.185524223,0,FALSE,FALSE,FALSE,FALSE,Bacteria,Proteobacteria,Alphaproteobacteria,Rhizobiales,Stappiaceae,Stappiaceae_unclassified
Otu00228,0.313124359,0,FALSE,FALSE,FALSE,FALSE,Bacteria,Bacteroidetes,Bacteroidia,Flavobacteriales,Flavobacteriaceae,Dokdonia
Otu00231,0.118279035,0,FALSE,FALSE,FALSE,FALSE,Bacteria,Proteobacteria,Alphaproteobacteria,SAR11_clade,Clade_I,Clade_Ia
Otu00233,0.111024047,0,FALSE,FALSE,FALSE,FALSE,Bacteria,Proteobacteria,Alphaproteobacteria,Rhizobiales,Rhizobiaceae,Lentilitoribacter
Otu00234,-0.052185511,0,FALSE,FALSE,FALSE,FALSE,Bacteria,Proteobacteria,Alphaproteobacteria,Rhizobiales,Rhizobiaceae,uncultured
Otu00238,-0.063374402,0,FALSE,FALSE,FALSE,FALSE,Bacteria,Proteobacteria,Alphaproteobacteria,Alphaproteobacteria_unclassified,Alphaproteobacteria_unclassified,Alphaproteobacteria_unclassified
Otu00239,0.082061358,0,FALSE,FALSE,FALSE,FALSE,Bacteria,Bacteroidetes,Bacteroidia,Chitinophagales,Saprospiraceae,Saprospiraceae_unclassified
Otu00239,-0.205436598,0,FALSE,FALSE,FALSE,FALSE,Bacteria,Bacteroidetes,Bacteroidia,Chitinophagales,Saprospiraceae,Saprospiraceae_unclassified
Otu00240,-0.344311571,186,FALSE,FALSE,FALSE,FALSE,Bacteria,Proteobacteria,Alphaproteobacteria,Rhodobacterales,Rhodobacteraceae,Rhodobacteraceae_unclassified
Otu00241,-0.219151464,0,FALSE,FALSE,FALSE,FALSE,Bacteria,Proteobacteria,Alphaproteobacteria,Rhizobiales,Rhizobiaceae,uncultured
Otu00244,0.187084315,0,FALSE,FALSE,FALSE,FALSE,Bacteria,Proteobacteria,Alphaproteobacteria,SAR11_clade,Clade_I,Clade_Ia
Otu00244,0.04229098,0,FALSE,FALSE,FALSE,FALSE,Bacteria,Proteobacteria,Alphaproteobacteria,SAR11_clade,Clade_I,Clade_Ia
Otu00245,0.193508681,0,FALSE,FALSE,FALSE,FALSE,Bacteria,Proteobacteria,Gammaproteobacteria,Alteromonadales,Alteromonadaceae,Aestuariibacter
Otu00247,0.168874175,0,FALSE,FALSE,FALSE,FALSE,Bacteria,Proteobacteria,Alphaproteobacteria,Caulobacterales,Hyphomonadaceae,uncultured
Otu00247,-0.233214731,0,FALSE,FALSE,FALSE,FALSE,Bacteria,Proteobacteria,Alphaproteobacteria,Caulobacterales,Hyphomonadaceae,uncultured
Otu00252,0.162550112,0,FALSE,FALSE,FALSE,FALSE,Bacteria,Proteobacteria,Alphaproteobacteria,Rhodobacterales,Rhodobacteraceae,Rhodobacteraceae_unclassified
Otu00260,0.090294031,0,FALSE,FALSE,FALSE,FALSE,Bacteria,Bacteroidetes,Bacteroidia,Flavobacteriales,Flavobacteriaceae,Muricauda
Otu00260,-0.480601416,0,FALSE,FALSE,FALSE,FALSE,Bacteria,Bacteroidetes,Bacteroidia,Flavobacteriales,Flavobacteriaceae,Muricauda
Otu00263,-0.330358101,0,FALSE,FALSE,FALSE,FALSE,Bacteria,Bacteroidetes,Bacteroidia,Flavobacteriales,Flavobacteriaceae,Polaribacter_4
Otu00269,-0.152004518,0,FALSE,FALSE,FALSE,FALSE,Bacteria,Proteobacteria,Alphaproteobacteria,Rhizobiales,Rhizobiaceae,Ahrensia
Otu00270,0.044184252,0,FALSE,FALSE,FALSE,FALSE,Bacteria,Cyanobacteria,Oxyphotobacteria,Nostocales,uncultured,uncultured_ge
Otu00274,-0.161624189,0,FALSE,FALSE,FALSE,FALSE,Bacteria,Planctomycetes,Planctomycetacia,Pirellulales,Pirellulaceae,Blastopirellula
Otu00285,-0.074077293,0,FALSE,FALSE,FALSE,FALSE,Bacteria,Proteobacteria,Gammaproteobacteria,Betaproteobacteriales,Methylophilaceae,Methylotenera
Otu00285,0.171630863,0,FALSE,FALSE,FALSE,FALSE,Bacteria,Proteobacteria,Gammaproteobacteria,Betaproteobacteriales,Methylophilaceae,Methylotenera
Otu00291,-0.131367433,0,FALSE,FALSE,FALSE,FALSE,Bacteria,Proteobacteria,Gammaproteobacteria,Pseudomonadales,Moraxellaceae,Psychrobacter
Otu00291,0.160086434,0,FALSE,FALSE,FALSE,FALSE,Bacteria,Proteobacteria,Gammaproteobacteria,Pseudomonadales,Moraxellaceae,Psychrobacter
Otu00292,-0.101007661,0,FALSE,FALSE,FALSE,FALSE,Bacteria,Proteobacteria,Alphaproteobacteria,Rhodobacterales,Rhodobacteraceae,Silicimonas
Otu00292,-0.111338412,0,FALSE,FALSE,FALSE,FALSE,Bacteria,Proteobacteria,Alphaproteobacteria,Rhodobacterales,Rhodobacteraceae,Silicimonas
Otu00299,0.290988098,0,FALSE,FALSE,FALSE,FALSE,Bacteria,Bacteroidetes,Bacteroidia,Flavobacteriales,Flavobacteriaceae,Aquimarina
Otu00302,0.055145032,0,FALSE,FALSE,FALSE,FALSE,Bacteria,Actinobacteria,Acidimicrobiia,Microtrichales,Microtrichaceae,Sva0996_marine_group
Otu00309,-0.292660955,0,FALSE,FALSE,FALSE,FALSE,Bacteria,Proteobacteria,Alphaproteobacteria,Rhodobacterales,Rhodobacteraceae,Ruegeria
Otu00312,0.031597106,0,FALSE,FALSE,FALSE,FALSE,Bacteria,Proteobacteria,Alphaproteobacteria,Rhodobacterales,Rhodobacteraceae,Tropicibacter
Otu00312,-0.043622842,0,FALSE,FALSE,FALSE,FALSE,Bacteria,Proteobacteria,Alphaproteobacteria,Rhodobacterales,Rhodobacteraceae,Tropicibacter
Otu00313,-0.152342845,0,FALSE,FALSE,FALSE,FALSE,Bacteria,Proteobacteria,Gammaproteobacteria,Oceanospirillales,Endozoicomonadaceae,Endozoicomonas
Otu00319,0.037742828,0,FALSE,FALSE,FALSE,FALSE,Bacteria,Firmicutes,Bacilli,Bacillales,Planococcaceae,Planomicrobium
Otu00320,0.01989406,0,FALSE,FALSE,FALSE,FALSE,Bacteria,Bacteroidetes,Bacteroidia,Flavobacteriales,Flavobacteriaceae,Flavobacteriaceae_unclassified
Otu00323,0.108027026,0,FALSE,FALSE,FALSE,FALSE,Bacteria,Actinobacteria,Acidimicrobiia,Microtrichales,Microtrichaceae,Sva0996_marine_group
Otu00324,0.683699737,0,FALSE,FALSE,FALSE,FALSE,Bacteria,Proteobacteria,Deltaproteobacteria,Desulfobacterales,Desulfobacteraceae,Desulfobacter
Otu00326,0.049595119,0,FALSE,FALSE,FALSE,FALSE,Bacteria,Proteobacteria,Gammaproteobacteria,Alteromonadales,Alteromonadaceae,Aestuariibacter
Otu00326,0.152125869,0,FALSE,FALSE,FALSE,FALSE,Bacteria,Proteobacteria,Gammaproteobacteria,Alteromonadales,Alteromonadaceae,Aestuariibacter
Otu00328,0.09048967,0,FALSE,FALSE,FALSE,FALSE,Bacteria,Proteobacteria,Alphaproteobacteria,Rhodobacterales,Rhodobacteraceae,Rhodobacteraceae_unclassified
Otu00332,0.028384132,0,FALSE,FALSE,FALSE,FALSE,Bacteria,Epsilonbacteraeota,Campylobacteria,Campylobacterales,Arcobacteraceae,Arcobacter
Otu00335,-0.000648578,0,FALSE,FALSE,FALSE,FALSE,Bacteria,Cyanobacteria,Oxyphotobacteria,Synechococcales,Cyanobiaceae,Cyanobium_PCC-6307
Otu00341,0.071510238,0,FALSE,FALSE,FALSE,FALSE,Bacteria,Proteobacteria,Alphaproteobacteria,SAR11_clade,Clade_II,Clade_II_ge
Otu00341,-0.061928715,0,FALSE,FALSE,FALSE,FALSE,Bacteria,Proteobacteria,Alphaproteobacteria,SAR11_clade,Clade_II,Clade_II_ge
Otu00343,0.002331171,0,FALSE,FALSE,FALSE,FALSE,Bacteria,Proteobacteria,Alphaproteobacteria,Rhodobacterales,Rhodobacteraceae,Rhodobacteraceae_unclassified
Otu00347,-0.261550498,0,FALSE,FALSE,FALSE,FALSE,Bacteria,Bacteria_unclassified,Bacteria_unclassified,Bacteria_unclassified,Bacteria_unclassified,Bacteria_unclassified
Otu00347,-0.028716941,0,FALSE,FALSE,FALSE,FALSE,Bacteria,Bacteria_unclassified,Bacteria_unclassified,Bacteria_unclassified,Bacteria_unclassified,Bacteria_unclassified
Otu00353,-0.43056774,0,FALSE,FALSE,FALSE,FALSE,Bacteria,Proteobacteria,Gammaproteobacteria,Gammaproteobacteria_Incertae_Sedis,Unknown_Family,Unknown_Family_unclassified
Otu00353,-0.185389711,0,FALSE,FALSE,FALSE,FALSE,Bacteria,Proteobacteria,Gammaproteobacteria,Gammaproteobacteria_Incertae_Sedis,Unknown_Family,Unknown_Family_unclassified
Otu00359,-0.018390649,0,FALSE,FALSE,FALSE,FALSE,Bacteria,Bacteroidetes,Bacteroidia,Chitinophagales,Saprospiraceae,uncultured
Otu00359,0.077700478,0,FALSE,FALSE,FALSE,FALSE,Bacteria,Bacteroidetes,Bacteroidia,Chitinophagales,Saprospiraceae,uncultured
Otu00362,-0.174070329,0,FALSE,FALSE,FALSE,FALSE,Bacteria,Proteobacteria,Alphaproteobacteria,Rhodobacterales,Rhodobacteraceae,Shimia
Otu00368,0.132800421,0,FALSE,FALSE,FALSE,FALSE,Bacteria,Proteobacteria,Alphaproteobacteria,Rhizobiales,Methyloligellaceae,uncultured
Otu00376,0.26955229,0,FALSE,FALSE,FALSE,FALSE,Bacteria,Bacteroidetes,Bacteroidia,Flavobacteriales,Flavobacteriaceae,Tenacibaculum
Otu00378,-0.037164109,0,FALSE,FALSE,FALSE,FALSE,Bacteria,Firmicutes,Clostridia,Clostridiales,Lachnospiraceae,Lachnospiraceae_unclassified
Otu00380,0.145835469,0,FALSE,FALSE,FALSE,FALSE,Bacteria,Bacteroidetes,Bacteroidia,Cytophagales,Cyclobacteriaceae,Fabibacter
Otu00382,0.262968095,0,FALSE,FALSE,FALSE,FALSE,Bacteria,Actinobacteria,Actinobacteria,Micrococcales,Micrococcaceae,Arthrobacter
Otu00385,-0.074373881,0,FALSE,FALSE,FALSE,FALSE,Bacteria,Proteobacteria,Deltaproteobacteria,Myxococcales,BIrii41,BIrii41_ge
Otu00385,0.100466158,0,FALSE,FALSE,FALSE,FALSE,Bacteria,Proteobacteria,Deltaproteobacteria,Myxococcales,BIrii41,BIrii41_ge
Otu00394,-0.15818957,0,FALSE,FALSE,FALSE,FALSE,Bacteria,Bacteroidetes,Bacteroidia,Flavobacteriales,Flavobacteriaceae,Flavobacteriaceae_unclassified
Otu00398,-0.170101553,0,FALSE,FALSE,FALSE,FALSE,Bacteria,Proteobacteria,Gammaproteobacteria,Alteromonadales,Alteromonadaceae,Alteromonadaceae_unclassified
Otu00404,0.008575124,0,FALSE,FALSE,FALSE,FALSE,Bacteria,Actinobacteria,Actinobacteria,Propionibacteriales,Propionibacteriaceae,Cutibacterium
Otu00404,-0.012489225,0,FALSE,FALSE,FALSE,FALSE,Bacteria,Actinobacteria,Actinobacteria,Propionibacteriales,Propionibacteriaceae,Cutibacterium
Otu00405,-0.100143914,0,FALSE,FALSE,FALSE,FALSE,Bacteria,Actinobacteria,Actinobacteria,Micrococcales,Micrococcaceae,Citricoccus
Otu00407,-0.066934615,0,FALSE,FALSE,FALSE,FALSE,Bacteria,Planctomycetes,Planctomycetacia,Pirellulales,Pirellulaceae,Pir4_lineage
Otu00408,-0.41103941,0,FALSE,FALSE,FALSE,FALSE,Bacteria,Proteobacteria,Alphaproteobacteria,Caulobacterales,Hyphomonadaceae,Hyphomonadaceae_unclassified
Otu00408,0.074958447,0,FALSE,FALSE,FALSE,FALSE,Bacteria,Proteobacteria,Alphaproteobacteria,Caulobacterales,Hyphomonadaceae,Hyphomonadaceae_unclassified
Otu00410,0.217602315,0,FALSE,FALSE,FALSE,FALSE,Bacteria,Proteobacteria,Alphaproteobacteria,Rhizobiales,Rhizobiaceae,uncultured
Otu00411,-0.059390486,0,FALSE,FALSE,FALSE,FALSE,Bacteria,Proteobacteria,Alphaproteobacteria,Micavibrionales,Micavibrionaceae,uncultured
Otu00412,-0.245997289,0,FALSE,FALSE,FALSE,FALSE,Bacteria,Proteobacteria,Alphaproteobacteria,Parvibaculales,PS1_clade,PS1_clade_ge
Otu00416,-0.260861235,0,FALSE,FALSE,FALSE,FALSE,Bacteria,Proteobacteria,Alphaproteobacteria,Rhodobacterales,Rhodobacteraceae,Rhodobacteraceae_unclassified
Otu00416,0.173441247,0,FALSE,FALSE,FALSE,FALSE,Bacteria,Proteobacteria,Alphaproteobacteria,Rhodobacterales,Rhodobacteraceae,Rhodobacteraceae_unclassified
Otu00417,-0.009260309,0,FALSE,FALSE,FALSE,FALSE,Bacteria,Proteobacteria,Gammaproteobacteria,Cellvibrionales,Spongiibacteraceae,Spongiibacteraceae_unclassified
Otu00418,-0.057928235,0,FALSE,FALSE,FALSE,FALSE,Bacteria,Bacteroidetes,Bacteroidia,Chitinophagales,Saprospiraceae,Lewinella
Otu00421,-0.116340332,0,FALSE,FALSE,FALSE,FALSE,Bacteria,Planctomycetes,Planctomycetacia,Pirellulales,Pirellulaceae,Pir4_lineage
Otu00422,0.700668419,0,FALSE,FALSE,FALSE,FALSE,Bacteria,Halanaerobiaeota,Halanaerobiia,Halanaerobiales,Halobacteroidaceae,uncultured
Otu00425,0.035807065,0,FALSE,FALSE,FALSE,FALSE,Bacteria,Bacteroidetes,Bacteroidia,Chitinophagales,Saprospiraceae,uncultured
Otu00430,0.031024277,0,FALSE,FALSE,FALSE,FALSE,Bacteria,Proteobacteria,Gammaproteobacteria,Gammaproteobacteria_unclassified,Gammaproteobacteria_unclassified,Gammaproteobacteria_unclassified
Otu00432,0.004075876,0,FALSE,FALSE,FALSE,FALSE,Bacteria,Proteobacteria,Gammaproteobacteria,Betaproteobacteriales,Methylophilaceae,OM43_clade
Otu00436,-0.000825522,0,FALSE,FALSE,FALSE,FALSE,Bacteria,Planctomycetes,Planctomycetacia,Pirellulales,Pirellulaceae,Bythopirellula
Otu00438,0.453961333,0,FALSE,FALSE,FALSE,FALSE,Bacteria,Proteobacteria,Gammaproteobacteria,Alteromonadales,Pseudoalteromonadaceae,Pseudoalteromonas
Otu00438,-0.106664178,0,FALSE,FALSE,FALSE,FALSE,Bacteria,Proteobacteria,Gammaproteobacteria,Alteromonadales,Pseudoalteromonadaceae,Pseudoalteromonas
Otu00439,-0.145162994,0,FALSE,FALSE,FALSE,FALSE,Bacteria,Bacteroidetes,Bacteroidia,Chitinophagales,Saprospiraceae,Saprospiraceae_unclassified
Otu00439,-0.319122838,0,FALSE,FALSE,FALSE,FALSE,Bacteria,Bacteroidetes,Bacteroidia,Chitinophagales,Saprospiraceae,Saprospiraceae_unclassified
Otu00440,-0.203560891,0,FALSE,FALSE,FALSE,FALSE,Bacteria,Proteobacteria,Gammaproteobacteria,Cellvibrionales,Halieaceae,Pseudohaliea
Otu00440,0.065230255,0,FALSE,FALSE,FALSE,FALSE,Bacteria,Proteobacteria,Gammaproteobacteria,Cellvibrionales,Halieaceae,Pseudohaliea
Otu00449,-0.163678813,0,FALSE,FALSE,FALSE,FALSE,Bacteria,Bacteroidetes,Bacteroidia,Flavobacteriales,Cryomorphaceae,Cryomorpha
Otu00452,-0.016280634,0,FALSE,FALSE,FALSE,FALSE,Bacteria,Bacteroidetes,Bacteroidia,Chitinophagales,Saprospiraceae,uncultured
Otu00461,-0.078432493,0,FALSE,FALSE,FALSE,FALSE,Bacteria,Proteobacteria,Alphaproteobacteria,Caulobacterales,Hyphomonadaceae,uncultured
Otu00463,0.519797255,0,FALSE,FALSE,FALSE,FALSE,Bacteria,Bacteroidetes,Chlorobia,Chlorobiales,Chlorobiaceae,Prosthecochloris
Otu00470,-0.176470929,0,FALSE,FALSE,FALSE,FALSE,Bacteria,Proteobacteria,Alphaproteobacteria,Rhodobacterales,Rhodobacteraceae,Rhodobacteraceae_unclassified
Otu00473,-0.078341559,0,FALSE,FALSE,FALSE,FALSE,Bacteria,Bacteroidetes,Bacteroidia,Cytophagales,Cyclobacteriaceae,Reichenbachiella
Otu00476,0.059050102,0,FALSE,FALSE,FALSE,FALSE,Bacteria,Proteobacteria,Alphaproteobacteria,Caulobacterales,Hyphomonadaceae,Hyphomonadaceae_unclassified
Otu00477,0.295875484,0,FALSE,FALSE,FALSE,FALSE,Bacteria,Bacteroidetes,Bacteroidia,Flavobacteriales,Flavobacteriaceae,Flavobacteriaceae_unclassified
Otu00478,0.150862385,0,FALSE,FALSE,FALSE,FALSE,Bacteria,Bacteroidetes,Bacteroidia,Flavobacteriales,Flavobacteriaceae,Tenacibaculum
Otu00481,0.107467116,0,FALSE,FALSE,FALSE,FALSE,Bacteria,Planctomycetes,Planctomycetacia,Pirellulales,Pirellulaceae,Blastopirellula
Otu00486,0.090097379,0,FALSE,FALSE,FALSE,FALSE,Bacteria,Proteobacteria,Gammaproteobacteria,Gammaproteobacteria_unclassified,Gammaproteobacteria_unclassified,Gammaproteobacteria_unclassified
Otu00486,-0.46131885,0,FALSE,FALSE,FALSE,FALSE,Bacteria,Proteobacteria,Gammaproteobacteria,Gammaproteobacteria_unclassified,Gammaproteobacteria_unclassified,Gammaproteobacteria_unclassified
Otu00488,-0.163679093,0,FALSE,FALSE,FALSE,FALSE,Bacteria,Bacteroidetes,Bacteroidia,Cytophagales,Cyclobacteriaceae,Cyclobacteriaceae_unclassified
Otu00489,-0.045681454,0,FALSE,FALSE,FALSE,FALSE,Bacteria,Planctomycetes,Planctomycetacia,Pirellulales,Pirellulaceae,Pir4_lineage
Otu00496,0.014326413,0,FALSE,FALSE,FALSE,FALSE,Bacteria,Proteobacteria,Alphaproteobacteria,Sphingomonadales,Sphingomonadaceae,Erythrobacter
Otu00496,0.158213877,0,FALSE,FALSE,FALSE,FALSE,Bacteria,Proteobacteria,Alphaproteobacteria,Sphingomonadales,Sphingomonadaceae,Erythrobacter
Otu00501,-0.163441544,0,FALSE,FALSE,FALSE,FALSE,Bacteria,Proteobacteria,Alphaproteobacteria,Caulobacterales,Parvularculaceae,Parvularculaceae_unclassified
Otu00504,-0.146333239,0,FALSE,FALSE,FALSE,FALSE,Bacteria,Proteobacteria,Alphaproteobacteria,Rhizobiales,Hyphomicrobiaceae,Filomicrobium
Otu00506,-0.302941586,0,FALSE,FALSE,FALSE,FALSE,Bacteria,Proteobacteria,Gammaproteobacteria,Arenicellales,Arenicellaceae,Arenicella
Otu00508,-0.150573782,0,FALSE,FALSE,FALSE,FALSE,Bacteria,Bacteroidetes,Bacteroidia,Flavobacteriales,Flavobacteriaceae,Muricauda
Otu00510,0.036963827,0,FALSE,FALSE,FALSE,FALSE,Bacteria,Proteobacteria,Alphaproteobacteria,Rhizobiales,Rhizobiaceae,Pseudahrensia
Otu00514,-0.006234081,0,FALSE,FALSE,FALSE,FALSE,Bacteria,Proteobacteria,Alphaproteobacteria,Rhizobiales,Methyloligellaceae,Methyloceanibacter
Otu00514,0.273113039,0,FALSE,FALSE,FALSE,FALSE,Bacteria,Proteobacteria,Alphaproteobacteria,Rhizobiales,Methyloligellaceae,Methyloceanibacter
Otu00521,-0.254703007,0,FALSE,FALSE,FALSE,FALSE,Bacteria,Verrucomicrobia,Verrucomicrobiae,Verrucomicrobiales,Rubritaleaceae,Roseibacillus
Otu00522,0.149046052,0,FALSE,FALSE,FALSE,FALSE,Bacteria,Proteobacteria,Alphaproteobacteria,Rhodobacterales,Rhodobacteraceae,Rhodobacteraceae_unclassified
Otu00524,0.170750108,0,FALSE,FALSE,FALSE,FALSE,Bacteria,Proteobacteria,Alphaproteobacteria,Rhodobacterales,Rhodobacteraceae,Roseovarius
Otu00527,0.251981173,0,FALSE,FALSE,FALSE,FALSE,Bacteria,Planctomycetes,OM190,OM190_or,OM190_fa,OM190_ge
Otu00529,-0.204292568,0,FALSE,FALSE,FALSE,FALSE,Bacteria,Patescibacteria,Gracilibacteria,JGI_0000069-P22,JGI_0000069-P22_fa,JGI_0000069-P22_ge
Otu00529,0.072186167,123,FALSE,TRUE,TRUE,TRUE,Bacteria,Patescibacteria,Gracilibacteria,JGI_0000069-P22,JGI_0000069-P22_fa,JGI_0000069-P22_ge
Otu00530,-0.063287956,0,FALSE,FALSE,FALSE,FALSE,Bacteria,Proteobacteria,Gammaproteobacteria,Cellvibrionales,Cellvibrionaceae,uncultured
Otu00530,-0.342518588,0,FALSE,FALSE,FALSE,FALSE,Bacteria,Proteobacteria,Gammaproteobacteria,Cellvibrionales,Cellvibrionaceae,uncultured
Otu00531,0.288265441,0,FALSE,FALSE,FALSE,FALSE,Bacteria,Bacteroidetes,Bacteroidia,Flavobacteriales,Flavobacteriaceae,Psychroserpens
Otu00532,0.488373928,0,FALSE,FALSE,FALSE,FALSE,Bacteria,Bacteroidetes,Bacteroidia,Cytophagales,Cyclobacteriaceae,Marinoscillum
Otu00539,0.23322051,0,FALSE,FALSE,FALSE,FALSE,Bacteria,Proteobacteria,Alphaproteobacteria,Rhodobacterales,Rhodobacteraceae,Dinoroseobacter
Otu00540,0.151478371,0,FALSE,FALSE,FALSE,FALSE,Bacteria,Proteobacteria,Gammaproteobacteria,Alteromonadales,Alteromonadaceae,Alteromonadaceae_unclassified
Otu00541,0.094300441,0,FALSE,FALSE,FALSE,FALSE,Bacteria,Bacteroidetes,Bacteroidia,Flavobacteriales,Flavobacteriaceae,Aurantivirga
Otu00547,-0.065622519,0,FALSE,FALSE,FALSE,FALSE,Bacteria,Bacteroidetes,Bacteroidia,Bacteroidia_unclassified,Bacteroidia_unclassified,Bacteroidia_unclassified
Otu00547,-0.190828252,0,FALSE,FALSE,FALSE,FALSE,Bacteria,Bacteroidetes,Bacteroidia,Bacteroidia_unclassified,Bacteroidia_unclassified,Bacteroidia_unclassified
Otu00549,0.027614426,0,FALSE,FALSE,FALSE,FALSE,Bacteria,Proteobacteria,Alphaproteobacteria,Kordiimonadales,Kordiimonadaceae,Kordiimonas
Otu00550,0.641601664,0,FALSE,FALSE,FALSE,FALSE,Bacteria,Halanaerobiaeota,Halanaerobiia,Halanaerobiales,Halobacteroidaceae,uncultured
Otu00551,0.349516313,0,FALSE,FALSE,FALSE,FALSE,Bacteria,Verrucomicrobia,Verrucomicrobiae,Verrucomicrobiales,Rubritaleaceae,Rubritaleaceae_unclassified
Otu00554,0.195583057,0,FALSE,FALSE,FALSE,FALSE,Bacteria,Proteobacteria,Alphaproteobacteria,Rhodobacterales,Rhodobacteraceae,Rhodobacteraceae_unclassified
Otu00563,0.132901316,0,FALSE,FALSE,FALSE,FALSE,Bacteria,Bacteroidetes,Bacteroidia,Chitinophagales,uncultured,uncultured_ge
Otu00564,-0.003611602,0,FALSE,FALSE,FALSE,FALSE,Bacteria,Proteobacteria,Alphaproteobacteria,Rhodobacterales,Rhodobacteraceae,Rhodobacteraceae_unclassified
Otu00566,-0.158960505,0,FALSE,FALSE,FALSE,FALSE,Bacteria,Proteobacteria,Alphaproteobacteria,Alphaproteobacteria_unclassified,Alphaproteobacteria_unclassified,Alphaproteobacteria_unclassified
Otu00569,0.092613677,0,FALSE,FALSE,FALSE,FALSE,Bacteria,Proteobacteria,Alphaproteobacteria,Kordiimonadales,Kordiimonadaceae,Kordiimonas
Otu00571,-0.181721285,0,FALSE,FALSE,FALSE,FALSE,Bacteria,Epsilonbacteraeota,Campylobacteria,Campylobacterales,Arcobacteraceae,Arcobacter
Otu00571,0.031100862,0,FALSE,FALSE,FALSE,FALSE,Bacteria,Epsilonbacteraeota,Campylobacteria,Campylobacterales,Arcobacteraceae,Arcobacter
Otu00577,0.255258869,192,FALSE,FALSE,FALSE,FALSE,Bacteria,Bacteroidetes,Bacteroidia,Cytophagales,Cyclobacteriaceae,Reichenbachiella
Otu00579,0.056204928,0,FALSE,FALSE,FALSE,FALSE,Bacteria,Bacteroidetes,Bacteroidia,Flavobacteriales,Flavobacteriaceae,Winogradskyella
Otu00594,0.144598137,0,FALSE,FALSE,FALSE,FALSE,Bacteria,Proteobacteria,Alphaproteobacteria,Rhodospirillales,Magnetospiraceae,Magnetospira
Otu00594,-0.098822628,0,FALSE,FALSE,FALSE,FALSE,Bacteria,Proteobacteria,Alphaproteobacteria,Rhodospirillales,Magnetospiraceae,Magnetospira
Otu00595,-0.015637389,0,FALSE,FALSE,FALSE,FALSE,Bacteria,Proteobacteria,Deltaproteobacteria,Desulfovibrionales,Desulfovibrionaceae,Halodesulfovibrio
Otu00603,-0.028015038,0,FALSE,FALSE,FALSE,FALSE,Bacteria,Bacteroidetes,Bacteroidia,Flavobacteriales,Flavobacteriaceae,Kordia
Otu00603,-0.155514094,0,FALSE,FALSE,FALSE,FALSE,Bacteria,Bacteroidetes,Bacteroidia,Flavobacteriales,Flavobacteriaceae,Kordia
Otu00605,-0.050621409,0,FALSE,FALSE,FALSE,FALSE,Bacteria,Bacteroidetes,Bacteroidia,Flavobacteriales,Flavobacteriaceae,Maribacter
Otu00606,-0.11710707,0,FALSE,FALSE,FALSE,FALSE,Bacteria,Proteobacteria,Gammaproteobacteria,Thiotrichales,Thiotrichaceae,Leucothrix
Otu00608,0.308674042,0,FALSE,FALSE,FALSE,FALSE,Bacteria,Bacteroidetes,Bacteroidia,Flavobacteriales,Flavobacteriaceae,NS5_marine_group
Otu00609,-0.096206674,0,FALSE,FALSE,FALSE,FALSE,Bacteria,Proteobacteria,Gammaproteobacteria,Alteromonadales,Alteromonadaceae,Salinimonas
Otu00609,0.059080416,0,FALSE,FALSE,FALSE,FALSE,Bacteria,Proteobacteria,Gammaproteobacteria,Alteromonadales,Alteromonadaceae,Salinimonas
Otu00610,-0.175588647,0,FALSE,FALSE,FALSE,FALSE,Bacteria,Bacteroidetes,Bacteroidia,Chitinophagales,Saprospiraceae,Lewinella
Otu00612,-0.216946341,0,FALSE,FALSE,FALSE,FALSE,Bacteria,Bacteroidetes,Bacteroidia,Flavobacteriales,Flavobacteriaceae,Flavobacteriaceae_unclassified
Otu00622,0.131679493,0,FALSE,FALSE,FALSE,FALSE,Bacteria,Proteobacteria,Gammaproteobacteria,Alteromonadales,Colwelliaceae,Thalassotalea
Otu00628,0.203647634,0,FALSE,FALSE,FALSE,FALSE,Bacteria,Proteobacteria,Alphaproteobacteria,Caulobacterales,Hyphomonadaceae,Oceanicaulis
Otu00631,0.064062672,0,FALSE,FALSE,FALSE,FALSE,Bacteria,Proteobacteria,Deltaproteobacteria,Myxococcales,BIrii41,BIrii41_ge
Otu00631,0.068728828,0,FALSE,FALSE,FALSE,FALSE,Bacteria,Proteobacteria,Deltaproteobacteria,Myxococcales,BIrii41,BIrii41_ge
Otu00638,-0.061620826,0,FALSE,FALSE,FALSE,FALSE,Bacteria,Proteobacteria,Alphaproteobacteria,Rhodovibrionales,Kiloniellaceae,uncultured
Otu00645,-0.457749678,0,FALSE,FALSE,FALSE,FALSE,Bacteria,Actinobacteria,Acidimicrobiia,Microtrichales,Ilumatobacteraceae,Ilumatobacter
Otu00646,0.011194637,0,FALSE,FALSE,FALSE,FALSE,Bacteria,Bacteroidetes,Bacteroidia,Cytophagales,Cyclobacteriaceae,Reichenbachiella
Otu00653,-0.075023856,0,FALSE,FALSE,FALSE,FALSE,Bacteria,Actinobacteria,Actinobacteria,Corynebacteriales,Corynebacteriaceae,Corynebacterium_1
Otu00654,0.076513761,0,FALSE,FALSE,FALSE,FALSE,Bacteria,Proteobacteria,Gammaproteobacteria,Betaproteobacteriales,Neisseriaceae,uncultured
Otu00654,0.179675329,0,FALSE,FALSE,FALSE,FALSE,Bacteria,Proteobacteria,Gammaproteobacteria,Betaproteobacteriales,Neisseriaceae,uncultured
Otu00658,-0.104559679,0,FALSE,FALSE,FALSE,FALSE,Bacteria,Bacteroidetes,Bacteroidia,Flavobacteriales,Flavobacteriaceae,Aureicoccus
Otu00670,0.047454163,0,FALSE,FALSE,FALSE,FALSE,Bacteria,Proteobacteria,Gammaproteobacteria,Cellvibrionales,Cellvibrionales_unclassified,Cellvibrionales_unclassified
Otu00674,0.042542571,0,FALSE,FALSE,FALSE,FALSE,Bacteria,Bacteroidetes,Bacteroidia,Cytophagales,Cyclobacteriaceae,Ekhidna
Otu00675,-0.203616752,0,FALSE,FALSE,FALSE,FALSE,Bacteria,Bacteroidetes,Bacteroidia,Flavobacteriales,Flavobacteriaceae,Aureisphaera
Otu00678,0.163308943,0,FALSE,FALSE,FALSE,FALSE,Bacteria,Proteobacteria,Gammaproteobacteria,Oceanospirillales,Endozoicomonadaceae,Endozoicomonas
Otu00678,-0.106828849,0,FALSE,FALSE,FALSE,FALSE,Bacteria,Proteobacteria,Gammaproteobacteria,Oceanospirillales,Endozoicomonadaceae,Endozoicomonas
Otu00679,-0.166296283,0,FALSE,FALSE,FALSE,FALSE,Bacteria,Proteobacteria,Alphaproteobacteria,Rhizobiales,Rhizobiaceae,uncultured
Otu00681,0.118581289,0,FALSE,FALSE,FALSE,FALSE,Bacteria,Proteobacteria,Alphaproteobacteria,Rhodobacterales,Rhodobacteraceae,Rhodobacteraceae_unclassified
Otu00695,-0.06346525,0,FALSE,FALSE,FALSE,FALSE,Bacteria,Proteobacteria,Gammaproteobacteria,Oceanospirillales,Saccharospirillaceae,Oleibacter
Otu00695,-0.155303469,0,FALSE,FALSE,FALSE,FALSE,Bacteria,Proteobacteria,Gammaproteobacteria,Oceanospirillales,Saccharospirillaceae,Oleibacter
Otu00699,-0.242794723,0,FALSE,FALSE,FALSE,FALSE,Bacteria,Proteobacteria,Gammaproteobacteria,Cellvibrionales,Halieaceae,Parahaliea
Otu00699,-0.006153498,0,FALSE,FALSE,FALSE,FALSE,Bacteria,Proteobacteria,Gammaproteobacteria,Cellvibrionales,Halieaceae,Parahaliea
Otu00704,0.012567687,0,FALSE,FALSE,FALSE,FALSE,Bacteria,Planctomycetes,Planctomycetacia,Pirellulales,Pirellulaceae,Blastopirellula
Otu00704,0.110328335,0,FALSE,FALSE,FALSE,FALSE,Bacteria,Planctomycetes,Planctomycetacia,Pirellulales,Pirellulaceae,Blastopirellula
Otu00705,0.118670763,0,FALSE,FALSE,FALSE,FALSE,Bacteria,Proteobacteria,Gammaproteobacteria,Gammaproteobacteria_unclassified,Gammaproteobacteria_unclassified,Gammaproteobacteria_unclassified
Otu00706,0.186887128,0,FALSE,FALSE,FALSE,FALSE,Bacteria,Proteobacteria,Alphaproteobacteria,Rhodospirillales,Rhodospirillales_unclassified,Rhodospirillales_unclassified
Otu00708,0.165798165,0,FALSE,FALSE,FALSE,FALSE,Bacteria,Proteobacteria,Gammaproteobacteria,Alteromonadales,Pseudoalteromonadaceae,Algicola
Otu00711,-0.006153498,0,FALSE,FALSE,FALSE,FALSE,Bacteria,Proteobacteria,Alphaproteobacteria,Sphingomonadales,Sphingomonadaceae,Erythrobacter
Otu00711,0.10535866,0,FALSE,FALSE,FALSE,FALSE,Bacteria,Proteobacteria,Alphaproteobacteria,Sphingomonadales,Sphingomonadaceae,Erythrobacter
Otu00715,0.013925356,0,FALSE,FALSE,FALSE,FALSE,Bacteria,Bacteroidetes,Bacteroidia,Flavobacteriales,Flavobacteriaceae,Gilvibacter
Otu00719,-0.247123594,0,FALSE,FALSE,FALSE,FALSE,Bacteria,Proteobacteria,Alphaproteobacteria,Parvibaculales,Parvibaculaceae,Pyruvatibacter
Otu00726,-0.092680676,0,FALSE,FALSE,FALSE,FALSE,Bacteria,Proteobacteria,Gammaproteobacteria,Alteromonadales,Alteromonadaceae,Aestuariibacter
Otu00727,-0.048856498,0,FALSE,FALSE,FALSE,FALSE,Bacteria,Proteobacteria,Alphaproteobacteria,Rhodobacterales,Rhodobacteraceae,Roseobacter_clade_CHAB-I-5_lineage
Otu00731,0.135582366,0,FALSE,FALSE,FALSE,FALSE,Bacteria,Bacteroidetes,Bacteroidia,Flavobacteriales,Cryomorphaceae,uncultured
Otu00737,0.020971677,0,FALSE,FALSE,FALSE,FALSE,Bacteria,Bacteroidetes,Bacteroidia,Chitinophagales,Saprospiraceae,uncultured
Otu00737,0.396556822,0,FALSE,FALSE,FALSE,FALSE,Bacteria,Bacteroidetes,Bacteroidia,Chitinophagales,Saprospiraceae,uncultured
Otu00745,-0.118749003,0,FALSE,FALSE,FALSE,FALSE,Bacteria,Proteobacteria,Gammaproteobacteria,Cellvibrionales,Halieaceae,Halieaceae_unclassified
Otu00755,0.29768136,0,FALSE,FALSE,FALSE,FALSE,Bacteria,Proteobacteria,Alphaproteobacteria,Sphingomonadales,Sphingomonadaceae,Sphingomonadaceae_unclassified
Otu00757,0.112427791,0,FALSE,FALSE,FALSE,FALSE,Bacteria,Proteobacteria,Gammaproteobacteria,Pseudomonadales,Moraxellaceae,Psychrobacter
Otu00761,-0.102302092,0,FALSE,FALSE,FALSE,FALSE,Bacteria,Planctomycetes,Planctomycetacia,Pirellulales,Pirellulaceae,Blastopirellula
Otu00767,0.073145958,0,FALSE,FALSE,FALSE,FALSE,Bacteria,Proteobacteria,Gammaproteobacteria,Alteromonadales,Pseudoalteromonadaceae,Pseudoalteromonas
Otu00771,0.055872494,0,FALSE,FALSE,FALSE,FALSE,Bacteria,Proteobacteria,Gammaproteobacteria,SAR86_clade,SAR86_clade_fa,SAR86_clade_ge
Otu00773,-0.092040979,0,FALSE,FALSE,FALSE,FALSE,Bacteria,Proteobacteria,Gammaproteobacteria,Alteromonadales,Alteromonadaceae,Aestuariibacter
Otu00779,0.34121927,0,FALSE,FALSE,FALSE,FALSE,Bacteria,Bacteroidetes,Bacteroidia,Cytophagales,Cyclobacteriaceae,Fabibacter
Otu00780,-0.011802823,0,FALSE,FALSE,FALSE,FALSE,Bacteria,Planctomycetes,Phycisphaerae,Phycisphaerales,Phycisphaeraceae,SM1A02
Otu00783,-0.047485432,0,FALSE,FALSE,FALSE,FALSE,Bacteria,Bacteroidetes,Bacteroidia,Cytophagales,Cyclobacteriaceae,uncultured
Otu00794,0.039632588,0,FALSE,FALSE,FALSE,FALSE,Bacteria,Cyanobacteria,Oxyphotobacteria,Nostocales,Microcystaceae,SU2_symbiont_group
Otu00796,-0.125186355,0,FALSE,FALSE,FALSE,FALSE,Bacteria,Proteobacteria,Gammaproteobacteria,Vibrionales,Vibrionaceae,Vibrio
Otu00797,0.39868145,0,FALSE,FALSE,FALSE,FALSE,Bacteria,Proteobacteria,Gammaproteobacteria,Gammaproteobacteria_unclassified,Gammaproteobacteria_unclassified,Gammaproteobacteria_unclassified
Otu00825,0.256399033,0,FALSE,FALSE,FALSE,FALSE,Bacteria,Cyanobacteria,Oxyphotobacteria,Nostocales,Xenococcaceae,Xenococcaceae_unclassified
Otu00826,0.080493047,0,FALSE,FALSE,FALSE,FALSE,Bacteria,Proteobacteria,Alphaproteobacteria,SAR11_clade,Clade_III,Clade_III_ge
Otu00833,0.174227378,0,FALSE,FALSE,FALSE,FALSE,Bacteria,Bacteroidetes,Bacteroidia,Flavobacteriales,Flavobacteriaceae,NS5_marine_group
Otu00834,0.131179579,0,FALSE,FALSE,FALSE,FALSE,Bacteria,Proteobacteria,Gammaproteobacteria,Cellvibrionales,Cellvibrionaceae,uncultured
Otu00837,0.126088665,0,FALSE,FALSE,FALSE,FALSE,Bacteria,Proteobacteria,Gammaproteobacteria,Cellvibrionales,Cellvibrionaceae,Cellvibrionaceae_unclassified
Otu00837,-0.08098109,0,FALSE,FALSE,FALSE,FALSE,Bacteria,Proteobacteria,Gammaproteobacteria,Cellvibrionales,Cellvibrionaceae,Cellvibrionaceae_unclassified
Otu00845,0.321871429,0,FALSE,FALSE,FALSE,FALSE,Bacteria,Bacteroidetes,Bacteroidia,Chitinophagales,uncultured,uncultured_ge
Otu00853,-0.252992477,0,FALSE,FALSE,FALSE,FALSE,Bacteria,Proteobacteria,Alphaproteobacteria,Rhodobacterales,Rhodobacteraceae,Marivita
Otu00860,-0.136633442,0,FALSE,FALSE,FALSE,FALSE,Bacteria,Proteobacteria,Alphaproteobacteria,Rhodobacterales,Rhodobacteraceae,Rhodobacteraceae_unclassified
Otu00868,0.255662685,0,FALSE,FALSE,FALSE,FALSE,Bacteria,Bacteroidetes,Bacteroidia,Chitinophagales,Saprospiraceae,Saprospiraceae_unclassified
Otu00871,0.093450944,0,FALSE,FALSE,FALSE,FALSE,Bacteria,Planctomycetes,Planctomycetacia,Pirellulales,Pirellulaceae,Blastopirellula
Otu00872,-0.094465439,0,FALSE,FALSE,FALSE,FALSE,Bacteria,Proteobacteria,Alphaproteobacteria,Micavibrionales,uncultured,uncultured_ge
Otu00873,0.100475009,0,FALSE,FALSE,FALSE,FALSE,Bacteria,Proteobacteria,Alphaproteobacteria,uncultured,uncultured_fa,uncultured_ge
Otu00875,-0.143658988,0,FALSE,FALSE,FALSE,FALSE,Bacteria,Proteobacteria,Gammaproteobacteria,Gammaproteobacteria_unclassified,Gammaproteobacteria_unclassified,Gammaproteobacteria_unclassified
Otu00878,-0.105431418,0,FALSE,FALSE,FALSE,FALSE,Bacteria,Planctomycetes,Planctomycetacia,Pirellulales,Pirellulaceae,Pirellula
Otu00879,0.310884246,0,FALSE,FALSE,FALSE,FALSE,Bacteria,Proteobacteria,Gammaproteobacteria,Alteromonadales,Colwelliaceae,Thalassotalea
Otu00880,-0.158512143,0,FALSE,FALSE,FALSE,FALSE,Bacteria,Firmicutes,Bacilli,Bacillales,Bacillaceae,Marinococcus
Otu00889,-0.157815465,0,FALSE,FALSE,FALSE,FALSE,Bacteria,Bacteroidetes,Bacteroidia,Chitinophagales,Saprospiraceae,uncultured
Otu00890,0.190376558,0,FALSE,FALSE,FALSE,FALSE,Bacteria,Acidobacteria,Holophagae,Acanthopleuribacterales,Acanthopleuribacteraceae,Acanthopleuribacter
Otu00896,0.056312397,0,FALSE,FALSE,FALSE,FALSE,Bacteria,Proteobacteria,Gammaproteobacteria,Pseudomonadales,Moraxellaceae,Psychrobacter
Otu00912,-0.255299252,0,FALSE,FALSE,FALSE,FALSE,Bacteria,Planctomycetes,Planctomycetacia,Planctomycetales,Rubinisphaeraceae,Rubinisphaeraceae_unclassified
Otu00914,-0.006011806,0,FALSE,FALSE,FALSE,FALSE,Bacteria,Actinobacteria,Actinobacteria,Micrococcales,Micrococcaceae,Kocuria
Otu00924,0.0129074,0,FALSE,FALSE,FALSE,FALSE,Bacteria,Patescibacteria,Parcubacteria,Parcubacteria_unclassified,Parcubacteria_unclassified,Parcubacteria_unclassified
Otu00929,0.061610974,0,FALSE,FALSE,FALSE,FALSE,Bacteria,Proteobacteria,Alphaproteobacteria,Micavibrionales,Micavibrionaceae,uncultured
Otu00931,0.189870033,0,FALSE,FALSE,FALSE,FALSE,Bacteria,Proteobacteria,Alphaproteobacteria,Sphingomonadales,Sphingomonadaceae,Sphingorhabdus
Otu00935,-0.22460924,0,FALSE,FALSE,FALSE,FALSE,Bacteria,Bacteroidetes,Bacteroidia,Chitinophagales,Saprospiraceae,Lewinella
Otu00937,0.213689039,0,FALSE,FALSE,FALSE,FALSE,Bacteria,Proteobacteria,Alphaproteobacteria,Rhodobacterales,Rhodobacteraceae,Rhodobacteraceae_unclassified
Otu00943,0.298658921,0,FALSE,FALSE,FALSE,FALSE,Bacteria,Bacteroidetes,Bacteroidia,Cytophagales,Amoebophilaceae,uncultured
Otu00952,0.153685216,0,FALSE,FALSE,FALSE,FALSE,Bacteria,Proteobacteria,Alphaproteobacteria,Micavibrionales,Micavibrionaceae,uncultured
Otu00956,0.183329696,0,FALSE,FALSE,FALSE,FALSE,Bacteria,Proteobacteria,Alphaproteobacteria,Rhodobacterales,Rhodobacteraceae,Rhodobacteraceae_unclassified
Otu00957,0.251705835,0,FALSE,FALSE,FALSE,FALSE,Bacteria,Planctomycetes,Planctomycetacia,Planctomycetales,Rubinisphaeraceae,Rubinisphaeraceae_unclassified
Otu00963,0.128395273,0,FALSE,FALSE,FALSE,FALSE,Bacteria,Bacteria_unclassified,Bacteria_unclassified,Bacteria_unclassified,Bacteria_unclassified,Bacteria_unclassified
Otu00969,-0.064011736,0,FALSE,FALSE,FALSE,FALSE,Bacteria,Bacteroidetes,Bacteroidia,Chitinophagales,Saprospiraceae,Portibacter
Otu00982,-0.442257725,0,FALSE,FALSE,FALSE,FALSE,Bacteria,Bacteroidetes,Bacteroidia,Chitinophagales,Saprospiraceae,uncultured
Otu00986,0.241077607,0,FALSE,FALSE,FALSE,FALSE,Bacteria,Planctomycetes,OM190,OM190_or,OM190_fa,OM190_ge
Otu00990,0.168017041,0,FALSE,FALSE,FALSE,FALSE,Bacteria,Proteobacteria,Deltaproteobacteria,Myxococcales,Nannocystaceae,uncultured
Otu01014,-0.147886365,0,FALSE,FALSE,FALSE,FALSE,Bacteria,Cyanobacteria,Oxyphotobacteria,Oxyphotobacteria_unclassified,Oxyphotobacteria_unclassified,Oxyphotobacteria_unclassified
Otu01018,-0.13147365,0,FALSE,FALSE,FALSE,FALSE,Bacteria,Bacteroidetes,Bacteroidia,Bacteroidia_unclassified,Bacteroidia_unclassified,Bacteroidia_unclassified
Otu01029,-0.046616278,0,FALSE,FALSE,FALSE,FALSE,Bacteria,Proteobacteria,Alphaproteobacteria,Alphaproteobacteria_unclassified,Alphaproteobacteria_unclassified,Alphaproteobacteria_unclassified
Otu01039,0.008379263,0,FALSE,FALSE,FALSE,FALSE,Bacteria,Proteobacteria,Alphaproteobacteria,Rhodospirillales,AEGEAN-169_marine_group,AEGEAN-169_marine_group_ge
Otu01040,-0.124778696,0,FALSE,FALSE,FALSE,FALSE,Bacteria,Patescibacteria,Gracilibacteria,JGI_0000069-P22,JGI_0000069-P22_fa,JGI_0000069-P22_ge
Otu01044,-0.003195383,0,FALSE,FALSE,FALSE,FALSE,Bacteria,Bacteroidetes,Rhodothermia,Rhodothermales,Rhodothermaceae,uncultured
Otu01047,0.218611453,0,FALSE,FALSE,FALSE,FALSE,Bacteria,Proteobacteria,Alphaproteobacteria,Rhizobiales,Hyphomicrobiaceae,Filomicrobium
Otu01049,0.14083873,0,FALSE,FALSE,FALSE,FALSE,Bacteria,Proteobacteria,Alphaproteobacteria,Tistrellales,Geminicoccaceae,Geminicoccaceae_unclassified
Otu01057,-0.381488132,0,FALSE,FALSE,FALSE,FALSE,Bacteria,Proteobacteria,Alphaproteobacteria,Caulobacterales,Caulobacteraceae,Brevundimonas
Otu01063,-0.009408062,0,FALSE,FALSE,FALSE,FALSE,Bacteria,Cyanobacteria,Oxyphotobacteria,Oxyphotobacteria_unclassified,Oxyphotobacteria_unclassified,Oxyphotobacteria_unclassified
Otu01063,-0.113842824,0,FALSE,FALSE,FALSE,FALSE,Bacteria,Cyanobacteria,Oxyphotobacteria,Oxyphotobacteria_unclassified,Oxyphotobacteria_unclassified,Oxyphotobacteria_unclassified
Otu01065,0.019560264,0,FALSE,FALSE,FALSE,FALSE,Bacteria,Planctomycetes,Planctomycetes_unclassified,Planctomycetes_unclassified,Planctomycetes_unclassified,Planctomycetes_unclassified
Otu01065,0.097854794,0,FALSE,FALSE,FALSE,FALSE,Bacteria,Planctomycetes,Planctomycetes_unclassified,Planctomycetes_unclassified,Planctomycetes_unclassified,Planctomycetes_unclassified
Otu01071,-0.039486211,0,FALSE,FALSE,FALSE,FALSE,Bacteria,Bacteroidetes,Bacteroidia,Flavobacteriales,Flavobacteriaceae,Gillisia
Otu01081,-0.236153783,0,FALSE,FALSE,FALSE,FALSE,Bacteria,Bacteroidetes,Bacteroidia,Flavobacteriales,Flavobacteriaceae,Gilvibacter
Otu01081,0.226160442,0,FALSE,FALSE,FALSE,FALSE,Bacteria,Bacteroidetes,Bacteroidia,Flavobacteriales,Flavobacteriaceae,Gilvibacter
Otu01084,-0.003628399,0,FALSE,FALSE,FALSE,FALSE,Bacteria,Proteobacteria,Gammaproteobacteria,Alteromonadales,Pseudoalteromonadaceae,Pseudoalteromonas
Otu01085,0.092621115,0,FALSE,FALSE,FALSE,FALSE,Bacteria,Proteobacteria,Gammaproteobacteria,Gammaproteobacteria_unclassified,Gammaproteobacteria_unclassified,Gammaproteobacteria_unclassified
Otu01100,-0.121718333,0,FALSE,FALSE,FALSE,FALSE,Bacteria,Proteobacteria,Gammaproteobacteria,Betaproteobacteriales,Burkholderiaceae,Ralstonia
Otu01103,0.260277334,0,FALSE,FALSE,FALSE,FALSE,Bacteria,Chlamydiae,Chlamydiae,Chlamydiales,Simkaniaceae,uncultured
Otu01105,-0.128363515,0,FALSE,FALSE,FALSE,FALSE,Bacteria,Proteobacteria,Alphaproteobacteria,Rhodospirillales,Terasakiellaceae,uncultured
Otu01119,0.103779484,0,FALSE,FALSE,FALSE,FALSE,Bacteria,Bacteroidetes,Bacteroidia,Bacteroidia_unclassified,Bacteroidia_unclassified,Bacteroidia_unclassified
Otu01122,-0.013159417,0,FALSE,FALSE,FALSE,FALSE,Bacteria,Bacteroidetes,Bacteroidia,Cytophagales,Cyclobacteriaceae,Ekhidna
Otu01124,-0.146346494,0,FALSE,FALSE,FALSE,FALSE,Bacteria,Planctomycetes,Phycisphaerae,Phycisphaerales,Phycisphaeraceae,SM1A02
Otu01136,-0.036703734,0,FALSE,FALSE,FALSE,FALSE,Bacteria,Proteobacteria,Alphaproteobacteria,uncultured,uncultured_fa,uncultured_ge
Otu01137,0.043248719,0,FALSE,FALSE,FALSE,FALSE,Bacteria,Proteobacteria,Gammaproteobacteria,Gammaproteobacteria_unclassified,Gammaproteobacteria_unclassified,Gammaproteobacteria_unclassified
Otu01140,0.268762148,0,FALSE,FALSE,FALSE,FALSE,Bacteria,Proteobacteria,Gammaproteobacteria,Oceanospirillales,Nitrincolaceae,Neptuniibacter
Otu01148,0.204372795,0,FALSE,FALSE,FALSE,FALSE,Bacteria,Proteobacteria,Alphaproteobacteria,Rhodobacterales,Rhodobacteraceae,Roseivivax
Otu01153,0.360358334,0,FALSE,FALSE,FALSE,FALSE,Bacteria,Bacteroidetes,Bacteroidia,Flavobacteriales,Flavobacteriaceae,Winogradskyella
Otu01159,0.056858,0,FALSE,FALSE,FALSE,FALSE,Bacteria,Planctomycetes,Planctomycetacia,Pirellulales,Pirellulaceae,Blastopirellula
Otu01161,0.175330197,0,FALSE,FALSE,FALSE,FALSE,Bacteria,Proteobacteria,Gammaproteobacteria,Coxiellales,Coxiellaceae,Coxiella
Otu01169,-0.030508164,0,FALSE,FALSE,FALSE,FALSE,Bacteria,Proteobacteria,Alphaproteobacteria,Rhodovibrionales,Kiloniellaceae,Kiloniella
Otu01177,0.330466443,0,FALSE,FALSE,FALSE,FALSE,Bacteria,Actinobacteria,Actinobacteria,Corynebacteriales,Dietziaceae,Dietzia
Otu01183,-0.421678006,0,FALSE,FALSE,FALSE,FALSE,Bacteria,Bacteroidetes,Bacteroidia,Flavobacteriales,Weeksellaceae,Cloacibacterium
Otu01185,-0.363754419,0,FALSE,FALSE,FALSE,FALSE,Bacteria,Proteobacteria,Gammaproteobacteria,Pseudomonadales,Pseudomonadaceae,Pseudomonas
Otu01187,0.041291225,0,FALSE,FALSE,FALSE,FALSE,Bacteria,Proteobacteria,Gammaproteobacteria,Vibrionales,Vibrionaceae,Photobacterium
Otu01190,-0.177210893,0,FALSE,FALSE,FALSE,FALSE,Bacteria,Firmicutes,Bacilli,Bacillales,Staphylococcaceae,Staphylococcus
Otu01204,-0.101444275,0,FALSE,FALSE,FALSE,FALSE,Bacteria,Proteobacteria,Alphaproteobacteria,Caulobacterales,Hyphomonadaceae,uncultured
Otu01208,0.057851169,0,FALSE,FALSE,FALSE,FALSE,Bacteria,Bacteroidetes,Bacteroidia,Flavobacteriales,Flavobacteriaceae,Flavobacteriaceae_unclassified
Otu01210,-0.038111731,0,FALSE,FALSE,FALSE,FALSE,Bacteria,Bacteroidetes,Bacteroidia,Chitinophagales,Saprospiraceae,uncultured
Otu01212,0.140352982,0,FALSE,FALSE,FALSE,FALSE,Bacteria,Verrucomicrobia,Verrucomicrobiae,Verrucomicrobiales,Rubritaleaceae,Rubritalea
Otu01212,0.110814678,0,FALSE,FALSE,FALSE,FALSE,Bacteria,Verrucomicrobia,Verrucomicrobiae,Verrucomicrobiales,Rubritaleaceae,Rubritalea
Otu01220,0.155150248,0,FALSE,FALSE,FALSE,FALSE,Bacteria,Bacteroidetes,Bacteroidia,Cytophagales,Amoebophilaceae,uncultured
Otu01221,-0.206479751,0,FALSE,FALSE,FALSE,FALSE,Bacteria,Proteobacteria,Alphaproteobacteria,Alphaproteobacteria_unclassified,Alphaproteobacteria_unclassified,Alphaproteobacteria_unclassified
Otu01233,0.106454179,0,FALSE,FALSE,FALSE,FALSE,Bacteria,Proteobacteria,Gammaproteobacteria,Arenicellales,Arenicellaceae,Arenicella
Otu01233,0.040693342,0,FALSE,FALSE,FALSE,FALSE,Bacteria,Proteobacteria,Gammaproteobacteria,Arenicellales,Arenicellaceae,Arenicella
Otu01247,0.05711746,0,FALSE,FALSE,FALSE,FALSE,Bacteria,Proteobacteria,Alphaproteobacteria,Puniceispirillales,SAR116_clade,SAR116_clade_ge
Otu01257,-0.010949097,0,FALSE,FALSE,FALSE,FALSE,Bacteria,Proteobacteria,Deltaproteobacteria,Bdellovibrionales,Bacteriovoracaceae,Bacteriovoracaceae_unclassified
Otu01265,0.011972486,0,FALSE,FALSE,FALSE,FALSE,Bacteria,Proteobacteria,Alphaproteobacteria,SAR11_clade,Clade_III,Clade_III_ge
Otu01268,0.274869357,0,FALSE,FALSE,FALSE,FALSE,Bacteria,Bacteroidetes,Bacteroidia,Chitinophagales,Saprospiraceae,Saprospiraceae_unclassified
Otu01276,-0.18342574,0,FALSE,FALSE,FALSE,FALSE,Bacteria,Proteobacteria,Alphaproteobacteria,Rhodobacterales,Rhodobacteraceae,Rhodobacteraceae_unclassified
Otu01299,0.131125764,0,FALSE,FALSE,FALSE,FALSE,Bacteria,Bacteroidetes,Bacteroidia,Chitinophagales,Saprospiraceae,Saprospiraceae_unclassified
Otu01305,0.294625462,0,FALSE,FALSE,FALSE,FALSE,Bacteria,Proteobacteria,Alphaproteobacteria,Rhizobiales,Rhizobiaceae,uncultured
Otu01309,0.057013358,0,FALSE,FALSE,FALSE,FALSE,Bacteria,Proteobacteria,Gammaproteobacteria,Gammaproteobacteria_unclassified,Gammaproteobacteria_unclassified,Gammaproteobacteria_unclassified
Otu01313,0.05324255,0,FALSE,FALSE,FALSE,FALSE,Bacteria,Bacteroidetes,Bacteroidia,Bacteroidia_unclassified,Bacteroidia_unclassified,Bacteroidia_unclassified
Otu01317,0.068942725,0,FALSE,FALSE,FALSE,FALSE,Bacteria,Proteobacteria,Gammaproteobacteria,Arenicellales,Arenicellaceae,Arenicella
Otu01325,-0.022658048,0,FALSE,FALSE,FALSE,FALSE,Bacteria,Proteobacteria,Alphaproteobacteria,Caulobacterales,Parvularculaceae,uncultured
Otu01327,0.217714622,0,FALSE,FALSE,FALSE,FALSE,Bacteria,Proteobacteria,Gammaproteobacteria,Alteromonadales,Alteromonadaceae,Salinimonas
Otu01330,0.140352982,0,FALSE,FALSE,FALSE,FALSE,Bacteria,Bacteroidetes,Bacteroidia,Chitinophagales,Saprospiraceae,Saprospiraceae_unclassified
Otu01331,0.006528314,0,FALSE,FALSE,FALSE,FALSE,Bacteria,Planctomycetes,Phycisphaerae,Phycisphaerales,Phycisphaeraceae,SM1A02
Otu01332,-0.190422883,0,FALSE,FALSE,FALSE,FALSE,Bacteria,Proteobacteria,Alphaproteobacteria,Alphaproteobacteria_unclassified,Alphaproteobacteria_unclassified,Alphaproteobacteria_unclassified
Otu01338,-0.137169322,0,FALSE,FALSE,FALSE,FALSE,Bacteria,Proteobacteria,Gammaproteobacteria,Vibrionales,Vibrionaceae,Vibrio
Otu01345,-0.36500342,0,FALSE,FALSE,FALSE,FALSE,Bacteria,Proteobacteria,Gammaproteobacteria,Oceanospirillales,SS1-B-06-26,SS1-B-06-26_ge
Otu01346,-0.073946699,0,FALSE,FALSE,FALSE,FALSE,Bacteria,Proteobacteria,Alphaproteobacteria,Rhodobacterales,Rhodobacteraceae,Rhodobacteraceae_unclassified
Otu01348,0.228347917,0,FALSE,FALSE,FALSE,FALSE,Bacteria,Proteobacteria,Alphaproteobacteria,Caulobacterales,Hyphomonadaceae,Hellea
Otu01349,0.22939148,0,FALSE,FALSE,FALSE,FALSE,Bacteria,Acidobacteria,Thermoanaerobaculia,Thermoanaerobaculales,Thermoanaerobaculaceae,Subgroup_10
Otu01356,0.204048522,0,FALSE,FALSE,FALSE,FALSE,Bacteria,Proteobacteria,Gammaproteobacteria,Thiotrichales,Thiotrichaceae,uncultured
Otu01376,0.094244223,0,FALSE,FALSE,FALSE,FALSE,Bacteria,Planctomycetes,OM190,OM190_or,OM190_fa,OM190_ge
Otu01377,0.138312004,0,FALSE,FALSE,FALSE,FALSE,Bacteria,Proteobacteria,Alphaproteobacteria,Rhodospirillales,Magnetospiraceae,Magnetospira
Otu01404,0.07647758,0,FALSE,FALSE,FALSE,FALSE,Bacteria,Proteobacteria,Gammaproteobacteria,Thiohalorhabdales,Thiohalorhabdaceae,Granulosicoccus
Otu01431,-0.393069309,0,FALSE,FALSE,FALSE,FALSE,Bacteria,Bacteroidetes,Bacteroidia,Cytophagales,Cyclobacteriaceae,uncultured
Otu01435,0.187005409,0,FALSE,FALSE,FALSE,FALSE,Bacteria,Proteobacteria,Gammaproteobacteria,Cellvibrionales,Halieaceae,Halioglobus
Otu01435,0.126069075,0,FALSE,FALSE,FALSE,FALSE,Bacteria,Proteobacteria,Gammaproteobacteria,Cellvibrionales,Halieaceae,Halioglobus
Otu01446,0.076486738,0,FALSE,FALSE,FALSE,FALSE,Bacteria,Planctomycetes,Planctomycetacia,Pirellulales,Pirellulaceae,Blastopirellula
Otu01458,0.215030109,0,FALSE,FALSE,FALSE,FALSE,Bacteria,Proteobacteria,Alphaproteobacteria,Caulobacterales,Caulobacteraceae,Brevundimonas
Otu01488,0.292069556,0,FALSE,FALSE,FALSE,FALSE,Bacteria,Bacteroidetes,Bacteroidia,Flavobacteriales,Flavobacteriaceae,NS4_marine_group
Otu01493,0.030148916,0,FALSE,FALSE,FALSE,FALSE,Bacteria,Proteobacteria,Gammaproteobacteria,Alteromonadales,Pseudoalteromonadaceae,Algicola
Otu01498,-0.098099826,0,FALSE,FALSE,FALSE,FALSE,Bacteria,Actinobacteria,Actinobacteria,Corynebacteriales,Corynebacteriaceae,Lawsonella
Otu01537,-0.249307165,0,FALSE,FALSE,FALSE,FALSE,Bacteria,Planctomycetes,Phycisphaerae,Phycisphaerales,Phycisphaeraceae,SM1A02
Otu01600,-0.110209303,0,FALSE,FALSE,FALSE,FALSE,Bacteria,Proteobacteria,Gammaproteobacteria,Cellvibrionales,Halieaceae,Halieaceae_unclassified
Otu01608,0.067736556,0,FALSE,FALSE,FALSE,FALSE,Bacteria,Bacteroidetes,Bacteroidia,Bacteroidales,Marinifilaceae,Marinifilum
Otu01610,0.020518003,0,FALSE,FALSE,FALSE,FALSE,Bacteria,Proteobacteria,Gammaproteobacteria,Alteromonadales,Pseudoalteromonadaceae,Pseudoalteromonas
Otu01616,-0.225806031,0,FALSE,FALSE,FALSE,FALSE,Bacteria,Proteobacteria,Alphaproteobacteria,Rhodobacterales,Rhodobacteraceae,Rhodobacteraceae_unclassified
Otu01622,0.10042983,0,FALSE,FALSE,FALSE,FALSE,Bacteria,Bacteroidetes,Bacteroidia,Bacteroidales,Marinifilaceae,uncultured
Otu01651,-0.230380189,0,FALSE,FALSE,FALSE,FALSE,Bacteria,Bacteroidetes,Bacteroidia,Cytophagales,Cyclobacteriaceae,Ekhidna
Otu01656,-0.081347658,0,FALSE,FALSE,FALSE,FALSE,Bacteria,Epsilonbacteraeota,Campylobacteria,Campylobacterales,Campylobacterales_unclassified,Campylobacterales_unclassified
Otu01658,0.178934239,0,FALSE,FALSE,FALSE,FALSE,Bacteria,Planctomycetes,Phycisphaerae,Phycisphaerales,Phycisphaeraceae,SM1A02
Otu01662,0.039552354,0,FALSE,FALSE,FALSE,FALSE,Bacteria,Proteobacteria,Alphaproteobacteria,Rickettsiales,Midichloriaceae,Midichloriaceae_unclassified
Otu01674,0.114066627,0,FALSE,FALSE,FALSE,FALSE,Bacteria,Proteobacteria,Alphaproteobacteria,Alphaproteobacteria_unclassified,Alphaproteobacteria_unclassified,Alphaproteobacteria_unclassified
Otu01686,-0.035695938,0,FALSE,FALSE,FALSE,FALSE,Bacteria,Proteobacteria,Alphaproteobacteria,Rhodospirillales,Terasakiellaceae,uncultured
Otu01688,-0.118990518,0,FALSE,FALSE,FALSE,FALSE,Bacteria,Proteobacteria,Gammaproteobacteria,Thiotrichales,Thiotrichaceae,uncultured
Otu01693,0.027572407,0,FALSE,FALSE,FALSE,FALSE,Bacteria,Proteobacteria,Gammaproteobacteria,Cellvibrionales,Halieaceae,Pseudohaliea
Otu01716,-0.004631981,0,FALSE,FALSE,FALSE,FALSE,Bacteria,Proteobacteria,Alphaproteobacteria,Sphingomonadales,Sphingomonadaceae,Erythrobacter
Otu01717,0.239513581,0,FALSE,FALSE,FALSE,FALSE,Bacteria,Planctomycetes,OM190,OM190_or,OM190_fa,OM190_ge
Otu01725,0.031712147,0,FALSE,FALSE,FALSE,FALSE,Archaea,Euryarchaeota,Halobacteria,Halobacteriales,Halococcaceae,Halococcus
Otu01732,-0.006921238,0,FALSE,FALSE,FALSE,FALSE,Bacteria,Proteobacteria,Gammaproteobacteria,Alteromonadales,Alteromonadaceae,Alteromonas
Otu01746,-0.040946465,0,FALSE,FALSE,FALSE,FALSE,Bacteria,Proteobacteria,Alphaproteobacteria,Rhodobacterales,Rhodobacteraceae,Actibacterium
Otu01751,0.057108102,0,FALSE,FALSE,FALSE,FALSE,Bacteria,Acidobacteria,Subgroup_22,Subgroup_22_or,Subgroup_22_fa,Subgroup_22_ge
Otu01758,-0.015552371,0,FALSE,FALSE,FALSE,FALSE,Bacteria,Bacteroidetes,Bacteroidia,Cytophagales,Cyclobacteriaceae,uncultured
Otu01767,-0.037417995,0,FALSE,FALSE,FALSE,FALSE,Bacteria,Proteobacteria,Gammaproteobacteria,Betaproteobacteriales,Burkholderiaceae,Acidovorax
Otu01790,-0.206479751,0,FALSE,FALSE,FALSE,FALSE,Bacteria,Proteobacteria,Gammaproteobacteria,OM182_clade,OM182_clade_fa,OM182_clade_ge
Otu01791,-0.114462332,0,FALSE,FALSE,FALSE,FALSE,Bacteria,Proteobacteria,Deltaproteobacteria,PB19,PB19_fa,PB19_ge
Otu01803,0.082720793,0,FALSE,FALSE,FALSE,FALSE,Bacteria,Bacteroidetes,Chlorobia,Chlorobiales,Chlorobiaceae,Prosthecochloris
Otu01825,0.132167941,0,FALSE,FALSE,FALSE,FALSE,Bacteria,Proteobacteria,Gammaproteobacteria,Alteromonadales,Alteromonadaceae,Alteromonas
Otu01825,0.027034891,0,FALSE,FALSE,FALSE,FALSE,Bacteria,Proteobacteria,Gammaproteobacteria,Alteromonadales,Alteromonadaceae,Alteromonas
Otu01842,0.127309557,0,FALSE,FALSE,FALSE,FALSE,Bacteria,Bacteria_unclassified,Bacteria_unclassified,Bacteria_unclassified,Bacteria_unclassified,Bacteria_unclassified
Otu01911,-0.039057278,0,FALSE,FALSE,FALSE,FALSE,Bacteria,Bacteroidetes,Bacteroidia,Flavobacteriales,Cryomorphaceae,uncultured
Otu01919,-0.047995229,0,FALSE,FALSE,FALSE,FALSE,Bacteria,Planctomycetes,Planctomycetacia,Pirellulales,Pirellulaceae,Pir4_lineage
Otu01921,0.357768409,0,FALSE,FALSE,FALSE,FALSE,Bacteria,Bacteroidetes,Bacteroidia,Chitinophagales,Saprospiraceae,uncultured
Otu01931,0.150791114,0,FALSE,FALSE,FALSE,FALSE,Bacteria,Bacteroidetes,Bacteroidia,Flavobacteriales,Flavobacteriaceae,Winogradskyella
Otu01935,0.110487651,0,FALSE,FALSE,FALSE,FALSE,Bacteria,Bacteroidetes,Bacteroidia,Flavobacteriales,Flavobacteriaceae,Psychroflexus
Otu01941,-0.021155767,0,FALSE,FALSE,FALSE,FALSE,Bacteria,Proteobacteria,Gammaproteobacteria,OM182_clade,OM182_clade_fa,OM182_clade_ge
Otu01964,0.293908758,0,FALSE,FALSE,FALSE,FALSE,Bacteria,Proteobacteria,Alphaproteobacteria,Rhodobacterales,Rhodobacteraceae,Rhodobacteraceae_unclassified
Otu01979,-0.024812827,0,FALSE,FALSE,FALSE,FALSE,Bacteria,Proteobacteria,Deltaproteobacteria,Desulfobacterales,Desulfobacteraceae,Desulfofaba
Otu01999,-0.256022392,0,FALSE,FALSE,FALSE,FALSE,Bacteria,Bacteroidetes,Bacteroidia,Flavobacteriales,Crocinitomicaceae,Crocinitomicaceae_unclassified
Otu02027,0.046548968,0,FALSE,FALSE,FALSE,FALSE,Bacteria,Proteobacteria,Deltaproteobacteria,Desulfobacterales,Desulfobacteraceae,Desulfobacter
Otu02045,0.027034891,0,FALSE,FALSE,FALSE,FALSE,Bacteria,Proteobacteria,Alphaproteobacteria,Micavibrionales,uncultured,uncultured_ge
Otu02071,0.170091154,0,FALSE,FALSE,FALSE,FALSE,Bacteria,Proteobacteria,Gammaproteobacteria,Steroidobacterales,Woeseiaceae,JTB255_marine_benthic_group
Otu02073,-0.011246417,0,FALSE,FALSE,FALSE,FALSE,Bacteria,Spirochaetes,Spirochaetia,Spirochaetales,Spirochaetaceae,Spirochaeta_2
Otu02074,-0.11474908,0,FALSE,FALSE,FALSE,FALSE,Bacteria,Planctomycetes,OM190,OM190_or,OM190_fa,OM190_ge
Otu02084,-0.029160028,0,FALSE,FALSE,FALSE,FALSE,Bacteria,Proteobacteria,Alphaproteobacteria,Micavibrionales,Micavibrionaceae,uncultured
Otu02089,0.311676859,0,FALSE,FALSE,FALSE,FALSE,Bacteria,Bacteroidetes,Bacteroidia,Flavobacteriales,Flavobacteriaceae,Salegentibacter
Otu02131,-0.065864126,0,FALSE,FALSE,FALSE,FALSE,Bacteria,Proteobacteria,Alphaproteobacteria,Caulobacterales,Parvularculaceae,Parvularcula
Otu02135,0.327575851,0,FALSE,FALSE,FALSE,FALSE,Bacteria,Proteobacteria,Gammaproteobacteria,Betaproteobacteriales,Neisseriaceae,Neisseria
Otu02141,-0.269660919,0,FALSE,FALSE,FALSE,FALSE,Bacteria,Proteobacteria,Alphaproteobacteria,Rhodobacterales,Rhodobacteraceae,Rhodobacteraceae_unclassified
Otu02179,0.116554531,0,FALSE,FALSE,FALSE,FALSE,Bacteria,Proteobacteria,Alphaproteobacteria,Rhodobacterales,Rhodobacteraceae,Pseudooceanicola
Otu02181,-0.041299268,0,FALSE,FALSE,FALSE,FALSE,Bacteria,Planctomycetes,Phycisphaerae,Phycisphaerales,Phycisphaeraceae,SM1A02
Otu02211,-0.01456541,0,FALSE,FALSE,FALSE,FALSE,Bacteria,Proteobacteria,Gammaproteobacteria,Oceanospirillales,Kangiellaceae,Aliikangiella
Otu02233,-0.040790067,0,FALSE,FALSE,FALSE,FALSE,Bacteria,Proteobacteria,Gammaproteobacteria,Alteromonadales,Alteromonadaceae,Alteromonas
Otu02274,-0.122761819,0,FALSE,FALSE,FALSE,FALSE,Bacteria,Bacteroidetes,Bacteroidia,Flavobacteriales,Flavobacteriaceae,Winogradskyella
Otu02276,-0.088011272,0,FALSE,FALSE,FALSE,FALSE,Bacteria,Proteobacteria,Gammaproteobacteria,Gammaproteobacteria_Incertae_Sedis,Unknown_Family,uncultured
Otu02353,-0.316203877,0,FALSE,FALSE,FALSE,FALSE,Bacteria,Planctomycetes,Planctomycetacia,Pirellulales,Pirellulaceae,Blastopirellula
Otu02359,-0.137730375,0,FALSE,FALSE,FALSE,FALSE,Bacteria,Proteobacteria,Alphaproteobacteria,Caulobacterales,Hyphomonadaceae,uncultured
Otu02376,0.704036098,0,FALSE,FALSE,FALSE,FALSE,Bacteria,Bacteroidetes,Bacteroidia,Flavobacteriales,Flavobacteriaceae,Gramella
Otu02410,0.300646846,0,FALSE,FALSE,FALSE,FALSE,Bacteria,Proteobacteria,Gammaproteobacteria,Oceanospirillales,Saccharospirillaceae,Thalassolituus
Otu02415,0.093102038,0,FALSE,FALSE,FALSE,FALSE,Bacteria,Planctomycetes,OM190,OM190_or,OM190_fa,OM190_ge
Otu02436,0.018199025,0,FALSE,FALSE,FALSE,FALSE,Bacteria,Bacteroidetes,Bacteroidia,Cytophagales,Cyclobacteriaceae,Ekhidna
Otu02486,-0.010949097,0,FALSE,FALSE,FALSE,FALSE,Bacteria,Proteobacteria,Alphaproteobacteria,Rhodobacterales,Rhodobacteraceae,Rhodobacteraceae_unclassified
Otu02503,0.013600175,0,FALSE,FALSE,FALSE,FALSE,Bacteria,Bacteroidetes,Bacteroidia,Flavobacteriales,Flavobacteriales_unclassified,Flavobacteriales_unclassified
Otu02519,0.291775658,0,FALSE,FALSE,FALSE,FALSE,Bacteria,Proteobacteria,Gammaproteobacteria,Oceanospirillales,Oleiphilaceae,Oleiphilus
Otu02565,0.016302332,0,FALSE,FALSE,FALSE,FALSE,Bacteria,Proteobacteria,Gammaproteobacteria,Gammaproteobacteria_unclassified,Gammaproteobacteria_unclassified,Gammaproteobacteria_unclassified
Otu02581,-0.097002893,0,FALSE,FALSE,FALSE,FALSE,Bacteria,Proteobacteria,Alphaproteobacteria,Micavibrionales,Micavibrionaceae,uncultured
Otu02615,-0.183983915,0,FALSE,FALSE,FALSE,FALSE,Bacteria,Proteobacteria,Alphaproteobacteria,Rhizobiales,Rhizobiales_Incertae_Sedis,Bauldia
Otu02660,-0.573229256,0,FALSE,FALSE,FALSE,FALSE,Bacteria,Patescibacteria,Parcubacteria,Candidatus_Campbellbacteria,Candidatus_Campbellbacteria_fa,Candidatus_Campbellbacteria_ge
Otu02681,0.452046481,0,FALSE,FALSE,FALSE,FALSE,Bacteria,Proteobacteria,Alphaproteobacteria,Sphingomonadales,Sphingomonadaceae,Qipengyuania
Otu02690,0.031712147,0,FALSE,FALSE,FALSE,FALSE,Bacteria,Proteobacteria,Deltaproteobacteria,Desulfobacterales,Desulfobacteraceae,Desulfofaba
Otu02713,0.015531067,0,FALSE,FALSE,FALSE,FALSE,Bacteria,Proteobacteria,Gammaproteobacteria,Salinisphaerales,Salinisphaeraceae,Salinisphaera
Otu02723,0.013162714,0,FALSE,FALSE,FALSE,FALSE,Bacteria,Proteobacteria,Gammaproteobacteria,Cellvibrionales,Cellvibrionaceae,Cellvibrionaceae_unclassified
Otu02726,0.133103088,0,FALSE,FALSE,FALSE,FALSE,Bacteria,Verrucomicrobia,Verrucomicrobiae,Opitutales,Puniceicoccaceae,Puniceicoccaceae_unclassified
Otu02741,0.014735918,0,FALSE,FALSE,FALSE,FALSE,Bacteria,Bacteroidetes,Bacteroidia,Cytophagales,Cyclobacteriaceae,uncultured
Otu02751,0.039293853,0,FALSE,FALSE,FALSE,FALSE,Bacteria,Planctomycetes,Phycisphaerae,mle1-8,mle1-8_fa,mle1-8_ge
Otu02791,0.067954755,0,FALSE,FALSE,FALSE,FALSE,Bacteria,Proteobacteria,Deltaproteobacteria,Desulfovibrionales,Desulfovibrionaceae,Halodesulfovibrio
Otu02836,-0.082443808,0,FALSE,FALSE,FALSE,FALSE,Bacteria,Proteobacteria,Gammaproteobacteria,Alteromonadales,Alteromonadaceae,Alteromonadaceae_unclassified
Otu02890,-0.071703262,0,FALSE,FALSE,FALSE,FALSE,Bacteria,Nitrospinae,P9X2b3D02,P9X2b3D02_or,P9X2b3D02_fa,P9X2b3D02_ge
Otu02897,0.129588148,0,FALSE,FALSE,FALSE,FALSE,Bacteria,Verrucomicrobia,Verrucomicrobiae,Opitutales,Puniceicoccaceae,Lentimonas
Otu02931,0.204397332,0,FALSE,FALSE,FALSE,FALSE,Bacteria,Proteobacteria,Gammaproteobacteria,Oceanospirillales,Oleiphilaceae,Oleiphilus
Otu02940,-0.1668483,0,FALSE,FALSE,FALSE,FALSE,Bacteria,Bacteroidetes,Bacteroidia,Cytophagales,Cyclobacteriaceae,Ekhidna
Otu02946,-0.137132757,0,FALSE,FALSE,FALSE,FALSE,Bacteria,Proteobacteria,Deltaproteobacteria,PB19,PB19_fa,PB19_ge
Otu03002,0.129403885,0,FALSE,FALSE,FALSE,FALSE,Bacteria,Cyanobacteria,Oxyphotobacteria,Nostocales,Xenococcaceae,Xenococcus_PCC-7305
Otu03003,-0.050880694,0,FALSE,FALSE,FALSE,FALSE,Bacteria,Bacteria_unclassified,Bacteria_unclassified,Bacteria_unclassified,Bacteria_unclassified,Bacteria_unclassified
Otu03006,-0.193959098,0,FALSE,FALSE,FALSE,FALSE,Bacteria,Proteobacteria,Alphaproteobacteria,Kordiimonadales,Kordiimonadaceae,Kordiimonas
Otu03042,-0.098483903,0,FALSE,FALSE,FALSE,FALSE,Bacteria,Proteobacteria,Gammaproteobacteria,Arenicellales,Arenicellaceae,Arenicella
Otu03087,-0.06243206,0,FALSE,FALSE,FALSE,FALSE,Bacteria,Proteobacteria,Deltaproteobacteria,Desulfovibrionales,Desulfovibrionaceae,Halodesulfovibrio
Otu03160,-0.035545218,0,FALSE,FALSE,FALSE,FALSE,Bacteria,Firmicutes,Clostridia,Clostridiales,Family_XII,Fusibacter
Otu03173,-0.159372692,0,FALSE,FALSE,FALSE,FALSE,Bacteria,Cyanobacteria,Oxyphotobacteria,Oxyphotobacteria_unclassified,Oxyphotobacteria_unclassified,Oxyphotobacteria_unclassified
Otu03190,-0.155862737,0,FALSE,FALSE,FALSE,FALSE,Bacteria,Proteobacteria,Gammaproteobacteria,Gammaproteobacteria_unclassified,Gammaproteobacteria_unclassified,Gammaproteobacteria_unclassified
Otu03197,0.115650102,0,FALSE,FALSE,FALSE,FALSE,Bacteria,Proteobacteria,Alphaproteobacteria,Rhodobacterales,Rhodobacteraceae,Rhodobacteraceae_unclassified
Otu03215,-0.008134745,0,FALSE,FALSE,FALSE,FALSE,Bacteria,Acetothermia,Acetothermiia,Acetothermiia_or,Acetothermiia_fa,Acetothermiia_ge
Otu03280,0.019687982,0,FALSE,FALSE,FALSE,FALSE,Bacteria,Proteobacteria,Alphaproteobacteria,Caulobacterales,Parvularculaceae,Parvularcula
Otu03285,-0.082857114,0,FALSE,FALSE,FALSE,FALSE,Bacteria,Proteobacteria,Gammaproteobacteria,Alteromonadales,Alteromonadaceae,Alteromonadaceae_unclassified
Otu03320,0.080004325,0,FALSE,FALSE,FALSE,FALSE,Bacteria,Firmicutes,Bacilli,Bacillales,Staphylococcaceae,Nosocomiicoccus
Otu03337,-0.08070717,0,FALSE,FALSE,FALSE,FALSE,Bacteria,Proteobacteria,Alphaproteobacteria,Micavibrionales,Micavibrionales_unclassified,Micavibrionales_unclassified
Otu03338,0.013406765,0,FALSE,FALSE,FALSE,FALSE,Bacteria,Bacteroidetes,Bacteroidia,Chitinophagales,Saprospiraceae,Portibacter
Otu03372,-0.06428852,0,FALSE,FALSE,FALSE,FALSE,Bacteria,Proteobacteria,Alphaproteobacteria,SAR11_clade,Clade_II,Clade_II_ge
Otu03393,-0.104670694,0,FALSE,FALSE,FALSE,FALSE,Bacteria,Proteobacteria,Gammaproteobacteria,Gammaproteobacteria_unclassified,Gammaproteobacteria_unclassified,Gammaproteobacteria_unclassified
Otu03444,-0.099545155,0,FALSE,FALSE,FALSE,FALSE,Bacteria,Bacteroidetes,Bacteroidia,Flavobacteriales,Flavobacteriaceae,Tenacibaculum
Otu03484,-0.287987067,0,FALSE,FALSE,FALSE,FALSE,Bacteria,Proteobacteria,Deltaproteobacteria,Bdellovibrionales,Bdellovibrionaceae,OM27_clade
Otu03528,0.057851169,0,FALSE,FALSE,FALSE,FALSE,Bacteria,Bacteroidetes,Bacteroidia,Cytophagales,Cyclobacteriaceae,Cyclobacteriaceae_unclassified
Otu03530,0.051770089,0,FALSE,FALSE,FALSE,FALSE,Bacteria,Bacteroidetes,Bacteroidia,Bacteroidia_unclassified,Bacteroidia_unclassified,Bacteroidia_unclassified
Otu03648,0.082609921,0,FALSE,FALSE,FALSE,FALSE,Bacteria,Proteobacteria,Gammaproteobacteria,Alteromonadales,Pseudoalteromonadaceae,Pseudoalteromonas
Otu03683,0.077467043,0,FALSE,FALSE,FALSE,FALSE,Bacteria,Bacteroidetes,Bacteroidia,Flavobacteriales,Flavobacteriales_unclassified,Flavobacteriales_unclassified
Otu03691,0.264772316,0,FALSE,FALSE,FALSE,FALSE,Bacteria,Bacteria_unclassified,Bacteria_unclassified,Bacteria_unclassified,Bacteria_unclassified,Bacteria_unclassified
Otu03714,0.093808676,0,FALSE,FALSE,FALSE,FALSE,Bacteria,Proteobacteria,Alphaproteobacteria,Rhodospirillales,Magnetospiraceae,uncultured
Otu03715,-0.015016426,0,FALSE,FALSE,FALSE,FALSE,Bacteria,Proteobacteria,Alphaproteobacteria,Rhodospirillales,Thalassospiraceae,Thalassospira
Otu03772,0.081837736,0,FALSE,FALSE,FALSE,FALSE,Bacteria,Bacteroidetes,Bacteroidia,Cytophagales,Cyclobacteriaceae,uncultured
Otu03781,0.05629155,0,FALSE,FALSE,FALSE,FALSE,Bacteria,Planctomycetes,Planctomycetacia,Planctomycetales,Planctomycetales_unclassified,Planctomycetales_unclassified
Otu03783,0.012652656,0,FALSE,FALSE,FALSE,FALSE,Bacteria,Proteobacteria,Deltaproteobacteria,Bdellovibrionales,Bdellovibrionaceae,OM27_clade
Otu03918,-0.016503765,0,FALSE,FALSE,FALSE,FALSE,Bacteria,Proteobacteria,Gammaproteobacteria,Cellvibrionales,Halieaceae,Halioglobus
Otu03938,0.036466162,0,FALSE,FALSE,FALSE,FALSE,Bacteria,Proteobacteria,Alphaproteobacteria,Rhodospirillales,Magnetospiraceae,Magnetospira
Otu03939,-0.069864506,0,FALSE,FALSE,FALSE,FALSE,Bacteria,Proteobacteria,Deltaproteobacteria,Desulfobacterales,Desulfobacteraceae,Desulfofaba
Otu03942,0.132920298,0,FALSE,FALSE,FALSE,FALSE,Bacteria,Proteobacteria,Gammaproteobacteria,Gammaproteobacteria_Incertae_Sedis,Unknown_Family,Marinicella
Otu03945,-0.337659099,0,FALSE,FALSE,FALSE,FALSE,Bacteria,Proteobacteria,Gammaproteobacteria,Pseudomonadales,Pseudomonadaceae,Pseudomonas
Otu03959,0.082946334,0,FALSE,FALSE,FALSE,FALSE,Bacteria,Proteobacteria,Gammaproteobacteria,Alteromonadales,Pseudoalteromonadaceae,Algicola
Otu04184,0.078503318,0,FALSE,FALSE,FALSE,FALSE,Archaea,Euryarchaeota,Halobacteria,Halobacteriales,Halococcaceae,Halococcus
Otu04300,0.121150164,0,FALSE,FALSE,FALSE,FALSE,Bacteria,Bacteroidetes,Bacteroidia,Flavobacteriales,Flavobacteriaceae,Tenacibaculum
Otu04433,0.077427902,0,FALSE,FALSE,FALSE,FALSE,Bacteria,Bacteroidetes,Bacteroidia,Bacteroidia_unclassified,Bacteroidia_unclassified,Bacteroidia_unclassified
Otu04440,0.124390046,0,FALSE,FALSE,FALSE,FALSE,Bacteria,Bacteroidetes,Bacteroidia,Flavobacteriales,Flavobacteriaceae,Lutaonella
Otu04442,-0.029494089,0,FALSE,FALSE,FALSE,FALSE,Bacteria,Bacteroidetes,Bacteroidia,Chitinophagales,uncultured,uncultured_ge
Otu04725,0.190423702,0,FALSE,FALSE,FALSE,FALSE,Bacteria,Verrucomicrobia,Verrucomicrobiae,Verrucomicrobiales,Rubritaleaceae,Persicirhabdus
Otu04733,0.024272585,0,FALSE,FALSE,FALSE,FALSE,Bacteria,Cyanobacteria,Melainabacteria,Caenarcaniphilales,Caenarcaniphilales_fa,Caenarcaniphilales_ge
Otu04753,-0.289084,0,FALSE,FALSE,FALSE,FALSE,Bacteria,Bacteroidetes,Bacteroidia,Cytophagales,Cyclobacteriaceae,uncultured
Otu04838,-0.280432043,0,FALSE,FALSE,FALSE,FALSE,Bacteria,Proteobacteria,Gammaproteobacteria,Gammaproteobacteria_unclassified,Gammaproteobacteria_unclassified,Gammaproteobacteria_unclassified
Otu04934,0.093399088,0,FALSE,FALSE,FALSE,FALSE,Bacteria,Bacteroidetes,Bacteroidia,Chitinophagales,Saprospiraceae,Lewinella
Otu04961,0.048976751,0,FALSE,FALSE,FALSE,FALSE,Bacteria,Proteobacteria,Gammaproteobacteria,Cellvibrionales,Cellvibrionales_unclassified,Cellvibrionales_unclassified
Otu05189,0.038594542,0,FALSE,FALSE,FALSE,FALSE,Bacteria,Proteobacteria,Gammaproteobacteria,Cellvibrionales,Spongiibacteraceae,BD1-7_clade
Otu05245,-0.100586846,0,FALSE,FALSE,FALSE,FALSE,Bacteria,Bacteroidetes,Bacteroidia,Bacteroidales,Marinilabiliaceae,uncultured
Otu05437,0.165019668,0,FALSE,FALSE,FALSE,FALSE,Bacteria,Proteobacteria,Gammaproteobacteria,Betaproteobacteriales,Methylophilaceae,Methylophilaceae_unclassified
Otu05632,0.17808725,0,FALSE,FALSE,FALSE,FALSE,Bacteria,Bacteroidetes,Bacteroidia,Bacteroidia_unclassified,Bacteroidia_unclassified,Bacteroidia_unclassified
Otu05680,0.425841566,0,FALSE,FALSE,FALSE,FALSE,Bacteria,Proteobacteria,Alphaproteobacteria,Micavibrionales,Micavibrionaceae,uncultured
Otu05852,0.109692596,0,FALSE,FALSE,FALSE,FALSE,Bacteria,Proteobacteria,Alphaproteobacteria,Rhodospirillales,Magnetospiraceae,uncultured
Otu06279,0.174361176,0,FALSE,FALSE,FALSE,FALSE,Bacteria,Proteobacteria,Alphaproteobacteria,Caulobacterales,Hyphomonadaceae,Algimonas
Otu06536,0.006747633,0,FALSE,FALSE,FALSE,FALSE,Bacteria,Proteobacteria,Alphaproteobacteria,Caulobacterales,Parvularculaceae,Parvularcula
Otu06905,0.108681515,0,FALSE,FALSE,FALSE,FALSE,Bacteria,Dependentiae,Babeliae,Babeliales,Babeliales_unclassified,Babeliales_unclassified
Otu07305,-0.037353724,0,FALSE,FALSE,FALSE,FALSE,Bacteria,Proteobacteria,Alphaproteobacteria,Rhodobacterales,Rhodobacteraceae,Rhodobacteraceae_unclassified
Otu08493,0.320028311,0,FALSE,FALSE,FALSE,FALSE,Bacteria,Patescibacteria,Parcubacteria,Candidatus_Kaiserbacteria,Candidatus_Kaiserbacteria_fa,Candidatus_Kaiserbacteria_ge
Otu08948,0.186165176,0,FALSE,FALSE,FALSE,FALSE,Bacteria,Proteobacteria,Gammaproteobacteria,Alteromonadales,Alteromonadaceae,Alteromonadaceae_unclassified
Otu09944,0.053611678,0,FALSE,FALSE,FALSE,FALSE,Bacteria,Bacteroidetes,Bacteroidia,Cytophagales,Cyclobacteriaceae,Reichenbachiella
Otu11357,-0.355827756,0,FALSE,FALSE,FALSE,FALSE,Bacteria,Nitrospirae,Nitrospira,Nitrospirales,Nitrospiraceae,Nitrospira