"","taxa_id","x","y","zero_ind","contrast","Domain","Phylum","Order","Class","Family","Genus"
"1","Otu00001",-0.244228698444309,0,"No","TF","Bacteria","Proteobacteria","Gammaproteobacteria","Oceanospirillales","Endozoicomonadaceae","Endozoicomonas"
"2","Otu00001",-0.464050208425533,0,"No","T1","Bacteria","Proteobacteria","Gammaproteobacteria","Oceanospirillales","Endozoicomonadaceae","Endozoicomonas"
"3","Otu00002",-0.238974426410641,0,"No","TF","Bacteria","Proteobacteria","Gammaproteobacteria","Oceanospirillales","Endozoicomonadaceae","Endozoicomonas"
"4","Otu00002",-0.636489542344162,0,"No","T1","Bacteria","Proteobacteria","Gammaproteobacteria","Oceanospirillales","Endozoicomonadaceae","Endozoicomonas"
"5","Otu00004",-0.481188663714786,0,"No","T1","Bacteria","Proteobacteria","Deltaproteobacteria","Myxococcales","P3OB-42","P3OB-42_ge"
"6","Otu00004",-2.3674963127445,0,"No","TF","Bacteria","Proteobacteria","Deltaproteobacteria","Myxococcales","P3OB-42","P3OB-42_ge"
"7","Otu00006",-0.307122728042088,0,"No","T1","Bacteria","Proteobacteria","Gammaproteobacteria","Oceanospirillales","Endozoicomonadaceae","Endozoicomonas"
"8","Otu00006",0.206089922159072,0,"No","TF","Bacteria","Proteobacteria","Gammaproteobacteria","Oceanospirillales","Endozoicomonadaceae","Endozoicomonas"
"9","Otu00011",0.455990308602002,0,"No","TF","Bacteria","Bacteroidetes","Bacteroidia","Cytophagales","Amoebophilaceae","Candidatus_Amoebophilus"
"10","Otu00013",-0.414633586438082,0,"No","T1","Bacteria","Proteobacteria","Deltaproteobacteria","Myxococcales","P3OB-42","P3OB-42_ge"
"11","Otu00013",-0.997532541282501,0,"No","TF","Bacteria","Proteobacteria","Deltaproteobacteria","Myxococcales","P3OB-42","P3OB-42_ge"
"12","Otu00015",0.941798686098219,0,"No","TF","Bacteria","Cyanobacteria","Oxyphotobacteria","Phormidesmiales","Nodosilineaceae","MBIC10086"
"13","Otu00015",1.46695884352466,0,"No","T1","Bacteria","Cyanobacteria","Oxyphotobacteria","Phormidesmiales","Nodosilineaceae","MBIC10086"
"14","Otu00019",-0.097368793906296,0,"No","T1","Bacteria","Cyanobacteria","Oxyphotobacteria","Synechococcales","Cyanobiaceae","Synechococcus_CC9902"
"15","Otu00019",0.0137377814860859,0,"No","TF","Bacteria","Cyanobacteria","Oxyphotobacteria","Synechococcales","Cyanobiaceae","Synechococcus_CC9902"
"16","Otu00023",0.146720756134756,0,"No","TF","Bacteria","Proteobacteria","Gammaproteobacteria","Oceanospirillales","Endozoicomonadaceae","Endozoicomonas"
"17","Otu00025",0.379188108141219,0,"No","TF","Bacteria","Proteobacteria","Alphaproteobacteria","Rhodobacterales","Rhodobacteraceae","Ruegeria"
"18","Otu00025",-1.76615199874822,324,"No","T1","Bacteria","Proteobacteria","Alphaproteobacteria","Rhodobacterales","Rhodobacteraceae","Ruegeria"
"19","Otu00031",-0.121224156905898,0,"No","T1","Bacteria","Proteobacteria","Gammaproteobacteria","Oceanospirillales","Endozoicomonadaceae","Endozoicomonas"
"20","Otu00031",-0.0305708543060834,0,"No","TF","Bacteria","Proteobacteria","Gammaproteobacteria","Oceanospirillales","Endozoicomonadaceae","Endozoicomonas"
"21","Otu00047",-0.209421373331416,0,"No","T1","Bacteria","Proteobacteria","Alphaproteobacteria","Rhodobacterales","Rhodobacteraceae","Ruegeria"
"22","Otu00048",-0.659704325735865,0,"No","T1","Bacteria","Cyanobacteria","Oxyphotobacteria","Oxyphotobacteria_unclassified","Oxyphotobacteria_unclassified","Oxyphotobacteria_unclassified"
"23","Otu00052",0.374570183673309,0,"No","T1","Bacteria","Epsilonbacteraeota","Campylobacteria","Campylobacterales","Arcobacteraceae","Arcobacter"
"24","Otu00055",-0.658616322294491,0,"No","T1","Bacteria","Proteobacteria","Gammaproteobacteria","Alteromonadales","Pseudoalteromonadaceae","Algicola"
"25","Otu00058",1.82345520220813,137,"No","TF","Bacteria","Bacteroidetes","Chlorobia","Chlorobiales","Chlorobiaceae","Prosthecochloris"
"26","Otu00062",-0.497274720982829,372,"No","T1","Bacteria","Proteobacteria","Gammaproteobacteria","Alteromonadales","Alteromonadaceae","Alteromonas"
"27","Otu00062",0.00145300707527679,0,"No","TF","Bacteria","Proteobacteria","Gammaproteobacteria","Alteromonadales","Alteromonadaceae","Alteromonas"
"28","Otu00068",0.316540588201782,0,"No","T1","Bacteria","Proteobacteria","Alphaproteobacteria","Alphaproteobacteria_unclassified","Alphaproteobacteria_unclassified","Alphaproteobacteria_unclassified"
"29","Otu00068",-0.547998481137369,0,"No","TF","Bacteria","Proteobacteria","Alphaproteobacteria","Alphaproteobacteria_unclassified","Alphaproteobacteria_unclassified","Alphaproteobacteria_unclassified"
"30","Otu00072",-0.217873179015912,0,"No","TF","Bacteria","Proteobacteria","Alphaproteobacteria","Kordiimonadales","Kordiimonadales_Incertae_Sedis","Eilatimonas"
"31","Otu00073",0.261406798705706,0,"No","T1","Bacteria","Proteobacteria","Alphaproteobacteria","Rhodobacterales","Rhodobacteraceae","Rhodobacteraceae_unclassified"
"32","Otu00074",-0.307746957297606,0,"No","T1","Bacteria","Proteobacteria","Alphaproteobacteria","Rhodobacterales","Rhodobacteraceae","Shimia"
"33","Otu00078",-0.145196166803573,0,"No","T1","Bacteria","Proteobacteria","Gammaproteobacteria","Oceanospirillales","Endozoicomonadaceae","Endozoicomonas"
"34","Otu00079",0.0398156086527287,0,"No","T1","Bacteria","Proteobacteria","Alphaproteobacteria","Thalassobaculales","uncultured","uncultured_ge"
"35","Otu00080",-0.161024595091951,0,"No","T1","Bacteria","Proteobacteria","Gammaproteobacteria","Alteromonadales","Pseudoalteromonadaceae","Pseudoalteromonas"
"36","Otu00080",-1.44212190925565,0,"No","TF","Bacteria","Proteobacteria","Gammaproteobacteria","Alteromonadales","Pseudoalteromonadaceae","Pseudoalteromonas"
"37","Otu00084",0.261232191216829,0,"No","T1","Bacteria","Proteobacteria","Alphaproteobacteria","Rhodospirillales","Thalassospiraceae","Thalassospira"
"38","Otu00090",0.138755041220005,0,"No","T1","Bacteria","Actinobacteria","Actinobacteria","Micrococcales","Micrococcaceae","Paeniglutamicibacter"
"39","Otu00090",0.158361113963442,0,"No","TF","Bacteria","Actinobacteria","Actinobacteria","Micrococcales","Micrococcaceae","Paeniglutamicibacter"
"40","Otu00091",-0.0797719903754895,0,"No","T1","Bacteria","Actinobacteria","Actinobacteria","Micrococcales","Micrococcaceae","Arthrobacter"
"41","Otu00091",-0.186849402827013,0,"No","TF","Bacteria","Actinobacteria","Actinobacteria","Micrococcales","Micrococcaceae","Arthrobacter"
"42","Otu00092",-0.18895244588466,0,"No","T1","Bacteria","Proteobacteria","Deltaproteobacteria","Myxococcales","Nannocystaceae","uncultured"
"43","Otu00092",1.15808410706596,142,"No","TF","Bacteria","Proteobacteria","Deltaproteobacteria","Myxococcales","Nannocystaceae","uncultured"
"44","Otu00093",-0.500413271006655,0,"No","TF","Bacteria","Cyanobacteria","Oxyphotobacteria","Nostocales","Nostocaceae","Rivularia_PCC-7116"
"45","Otu00096",-0.0780534287318947,0,"No","TF","Bacteria","Proteobacteria","Alphaproteobacteria","Rhodobacterales","Rhodobacteraceae","Rhodobacteraceae_unclassified"
"46","Otu00096",-0.292127881717918,0,"No","T1","Bacteria","Proteobacteria","Alphaproteobacteria","Rhodobacterales","Rhodobacteraceae","Rhodobacteraceae_unclassified"
"47","Otu00097",-0.0817580770453142,0,"No","T1","Bacteria","Proteobacteria","Gammaproteobacteria","Oceanospirillales","Endozoicomonadaceae","Endozoicomonas"
"48","Otu00097",-0.0358363957471599,0,"No","TF","Bacteria","Proteobacteria","Gammaproteobacteria","Oceanospirillales","Endozoicomonadaceae","Endozoicomonas"
"49","Otu00101",-0.506572577760599,238,"No","T1","Bacteria","Proteobacteria","Gammaproteobacteria","Alteromonadales","Alteromonadales_unclassified","Alteromonadales_unclassified"
"50","Otu00102",-0.0622263566627733,0,"No","TF","Bacteria","Proteobacteria","Gammaproteobacteria","Alteromonadales","Pseudoalteromonadaceae","Pseudoalteromonas"
"51","Otu00102",-1.12930521086764,345,"No","T1","Bacteria","Proteobacteria","Gammaproteobacteria","Alteromonadales","Pseudoalteromonadaceae","Pseudoalteromonas"
"52","Otu00104",-0.179854246640163,0,"No","T1","Bacteria","Proteobacteria","Alphaproteobacteria","Caulobacterales","Hyphomonadaceae","Hyphomonadaceae_unclassified"
"53","Otu00104",0.157404916872618,0,"No","TF","Bacteria","Proteobacteria","Alphaproteobacteria","Caulobacterales","Hyphomonadaceae","Hyphomonadaceae_unclassified"
"54","Otu00105",0.642181445626931,0,"No","T1","Bacteria","Proteobacteria","Deltaproteobacteria","Myxococcales","BIrii41","BIrii41_ge"
"55","Otu00105",0.105351523762639,0,"No","TF","Bacteria","Proteobacteria","Deltaproteobacteria","Myxococcales","BIrii41","BIrii41_ge"
"56","Otu00109",0.00216890897841629,0,"No","T1","Bacteria","Proteobacteria","Gammaproteobacteria","Oceanospirillales","Endozoicomonadaceae","Endozoicomonas"
"57","Otu00109",0.0978265421707493,0,"No","TF","Bacteria","Proteobacteria","Gammaproteobacteria","Oceanospirillales","Endozoicomonadaceae","Endozoicomonas"
"58","Otu00112",0.0242928955718935,0,"No","T1","Bacteria","Proteobacteria","Gammaproteobacteria","Vibrionales","Vibrionaceae","Catenococcus"
"59","Otu00114",0.142113044917353,0,"No","T1","Bacteria","Proteobacteria","Alphaproteobacteria","Rhodobacterales","Rhodobacteraceae","Thalassobius"
"60","Otu00115",-0.181131838233771,0,"No","TF","Bacteria","Actinobacteria","Acidimicrobiia","Actinomarinales","Actinomarinaceae","Candidatus_Actinomarina"
"61","Otu00115",0.253445836883341,0,"No","T1","Bacteria","Actinobacteria","Acidimicrobiia","Actinomarinales","Actinomarinaceae","Candidatus_Actinomarina"
"62","Otu00116",0.19074566454311,0,"No","T1","Bacteria","Proteobacteria","Gammaproteobacteria","Francisellales","Francisellaceae","Francisellaceae_ge"
"63","Otu00117",0.155429724100149,0,"No","T1","Bacteria","Bacteroidetes","Bacteroidia","Bacteroidia_unclassified","Bacteroidia_unclassified","Bacteroidia_unclassified"
"64","Otu00127",-0.166769664055596,0,"No","T1","Bacteria","Proteobacteria","Alphaproteobacteria","Caulobacterales","Hyphomonadaceae","Hyphomonadaceae_unclassified"
"65","Otu00132",-0.0755190637620673,0,"No","T1","Bacteria","Proteobacteria","Deltaproteobacteria","Desulfobacterales","Desulfobacteraceae","Desulfobacter"
"66","Otu00132",0.150798163334064,0,"No","TF","Bacteria","Proteobacteria","Deltaproteobacteria","Desulfobacterales","Desulfobacteraceae","Desulfobacter"
"67","Otu00139",0.120445600559774,0,"No","TF","Bacteria","Bacteroidetes","Bacteroidia","Cytophagales","Cyclobacteriaceae","uncultured"
"68","Otu00139",-0.0662491270974254,0,"No","T1","Bacteria","Bacteroidetes","Bacteroidia","Cytophagales","Cyclobacteriaceae","uncultured"
"69","Otu00141",-0.187358972929443,0,"No","T1","Bacteria","Bacteroidetes","Bacteroidia","Flavobacteriales","Flavobacteriaceae","Muricauda"
"70","Otu00142",-0.1534551978795,0,"No","T1","Bacteria","Proteobacteria","Alphaproteobacteria","Rhodospirillales","AEGEAN-169_marine_group","AEGEAN-169_marine_group_ge"
"71","Otu00142",-0.0765663103978329,0,"No","TF","Bacteria","Proteobacteria","Alphaproteobacteria","Rhodospirillales","AEGEAN-169_marine_group","AEGEAN-169_marine_group_ge"
"72","Otu00146",0.0519351751922773,0,"No","TF","Bacteria","Cyanobacteria","Oxyphotobacteria","Nostocales","Paraspirulinaceae","Spirulina_P7"
"73","Otu00151",0.0769464913744282,0,"No","T1","Bacteria","Firmicutes","Bacilli","Bacillales","Staphylococcaceae","Staphylococcus"
"74","Otu00151",-0.119888922201067,0,"No","TF","Bacteria","Firmicutes","Bacilli","Bacillales","Staphylococcaceae","Staphylococcus"
"75","Otu00153",-0.441099954561639,0,"No","T1","Bacteria","Proteobacteria","Alphaproteobacteria","Rhizobiales","Stappiaceae","Labrenzia"
"76","Otu00155",-0.410562971628788,0,"No","T1","Bacteria","Proteobacteria","Alphaproteobacteria","Caulobacterales","Hyphomonadaceae","uncultured"
"77","Otu00156",-0.04998626246284,0,"No","T1","Bacteria","Bacteroidetes","Bacteroidia","Chitinophagales","Saprospiraceae","uncultured"
"78","Otu00163",0.288246946302127,0,"No","TF","Bacteria","Proteobacteria","Alphaproteobacteria","SAR11_clade","Clade_I","Clade_Ia"
"79","Otu00163",0.0827527410242614,0,"No","T1","Bacteria","Proteobacteria","Alphaproteobacteria","SAR11_clade","Clade_I","Clade_Ia"
"80","Otu00167",0.106113026930523,0,"No","T1","Bacteria","Proteobacteria","Gammaproteobacteria","Vibrionales","Vibrionaceae","Vibrio"
"81","Otu00172",-0.0121972579306713,0,"No","T1","Bacteria","Proteobacteria","Gammaproteobacteria","Pseudomonadales","Pseudomonadaceae","Pseudomonas"
"82","Otu00174",0.427629127472188,0,"No","T1","Bacteria","Proteobacteria","Gammaproteobacteria","Oceanospirillales","Nitrincolaceae","Neptuniibacter"
"83","Otu00179",-0.258720429999175,0,"No","T1","Bacteria","Proteobacteria","Gammaproteobacteria","Gammaproteobacteria_unclassified","Gammaproteobacteria_unclassified","Gammaproteobacteria_unclassified"
"84","Otu00193",-0.303656441686732,0,"No","T1","Bacteria","Firmicutes","Bacilli","Bacillales","Staphylococcaceae","Staphylococcus"
"85","Otu00194",-0.0255248545444513,0,"No","T1","Bacteria","Cyanobacteria","Oxyphotobacteria","Synechococcales","Cyanobiaceae","Cyanobium_PCC-6307"
"86","Otu00196",0.112842194268746,0,"No","TF","Bacteria","Proteobacteria","Gammaproteobacteria","Cellvibrionales","Cellvibrionaceae","Cellvibrionaceae_unclassified"
"87","Otu00196",0.150213409491691,0,"No","T1","Bacteria","Proteobacteria","Gammaproteobacteria","Cellvibrionales","Cellvibrionaceae","Cellvibrionaceae_unclassified"
"88","Otu00197",-0.130047295728997,0,"No","T1","Bacteria","Proteobacteria","Alphaproteobacteria","Rhodobacterales","Rhodobacteraceae","Thalassobius"
"89","Otu00198",-0.0584890319457147,0,"No","T1","Bacteria","Bacteroidetes","Bacteroidia","Flavobacteriales","Flavobacteriaceae","Aquimarina"
"90","Otu00201",-0.135164992073348,0,"No","T1","Bacteria","Proteobacteria","Alphaproteobacteria","Rhodobacterales","Rhodobacteraceae","Rhodobacteraceae_unclassified"
"91","Otu00202",-0.0232902464402701,0,"No","T1","Bacteria","Proteobacteria","Gammaproteobacteria","Oceanospirillales","Endozoicomonadaceae","Endozoicomonas"
"92","Otu00203",0.106943893475407,0,"No","T1","Bacteria","Proteobacteria","Gammaproteobacteria","Gammaproteobacteria_unclassified","Gammaproteobacteria_unclassified","Gammaproteobacteria_unclassified"
"93","Otu00206",0.202486671774974,0,"No","TF","Bacteria","Bacteroidetes","Bacteroidia","Flavobacteriales","Flavobacteriaceae","Muricauda"
"94","Otu00208",-0.0295661659154475,0,"No","T1","Bacteria","Proteobacteria","Gammaproteobacteria","Alteromonadales","Colwelliaceae","Thalassotalea"
"95","Otu00219",-0.159894287996549,0,"No","T1","Bacteria","Proteobacteria","Gammaproteobacteria","Oceanospirillales","Endozoicomonadaceae","Endozoicomonas"
"96","Otu00222",-0.106234913844291,0,"No","T1","Bacteria","Proteobacteria","Gammaproteobacteria","Alteromonadales","Colwelliaceae","Thalassotalea"
"97","Otu00224",-0.0747219456878623,0,"No","T1","Bacteria","Proteobacteria","Gammaproteobacteria","SAR86_clade","SAR86_clade_fa","SAR86_clade_ge"
"98","Otu00224",-0.126797862021733,0,"No","TF","Bacteria","Proteobacteria","Gammaproteobacteria","SAR86_clade","SAR86_clade_fa","SAR86_clade_ge"
"99","Otu00226",-0.0348076397072434,0,"No","TF","Bacteria","Proteobacteria","Gammaproteobacteria","Gammaproteobacteria_unclassified","Gammaproteobacteria_unclassified","Gammaproteobacteria_unclassified"
"100","Otu00226",0.0926047370255527,0,"No","T1","Bacteria","Proteobacteria","Gammaproteobacteria","Gammaproteobacteria_unclassified","Gammaproteobacteria_unclassified","Gammaproteobacteria_unclassified"
"101","Otu00227",-0.185524222946725,0,"No","TF","Bacteria","Proteobacteria","Alphaproteobacteria","Rhizobiales","Stappiaceae","Stappiaceae_unclassified"
"102","Otu00228",0.313124359221281,0,"No","T1","Bacteria","Bacteroidetes","Bacteroidia","Flavobacteriales","Flavobacteriaceae","Dokdonia"
"103","Otu00231",0.11827903499507,0,"No","T1","Bacteria","Proteobacteria","Alphaproteobacteria","SAR11_clade","Clade_I","Clade_Ia"
"104","Otu00233",0.111024047386274,0,"No","T1","Bacteria","Proteobacteria","Alphaproteobacteria","Rhizobiales","Rhizobiaceae","Lentilitoribacter"
"105","Otu00234",-0.0521855112436785,0,"No","T1","Bacteria","Proteobacteria","Alphaproteobacteria","Rhizobiales","Rhizobiaceae","uncultured"
"106","Otu00238",-0.0633744020236383,0,"No","T1","Bacteria","Proteobacteria","Alphaproteobacteria","Alphaproteobacteria_unclassified","Alphaproteobacteria_unclassified","Alphaproteobacteria_unclassified"
"107","Otu00239",0.0820613577053764,0,"No","T1","Bacteria","Bacteroidetes","Bacteroidia","Chitinophagales","Saprospiraceae","Saprospiraceae_unclassified"
"108","Otu00239",-0.205436598164107,0,"No","TF","Bacteria","Bacteroidetes","Bacteroidia","Chitinophagales","Saprospiraceae","Saprospiraceae_unclassified"
"109","Otu00240",-0.344311570638589,186,"No","T1","Bacteria","Proteobacteria","Alphaproteobacteria","Rhodobacterales","Rhodobacteraceae","Rhodobacteraceae_unclassified"
"110","Otu00241",-0.219151464162658,0,"No","T1","Bacteria","Proteobacteria","Alphaproteobacteria","Rhizobiales","Rhizobiaceae","uncultured"
"111","Otu00244",0.187084315119111,0,"No","T1","Bacteria","Proteobacteria","Alphaproteobacteria","SAR11_clade","Clade_I","Clade_Ia"
"112","Otu00244",0.042290979652746,0,"No","TF","Bacteria","Proteobacteria","Alphaproteobacteria","SAR11_clade","Clade_I","Clade_Ia"
"113","Otu00245",0.193508681388266,0,"No","T1","Bacteria","Proteobacteria","Gammaproteobacteria","Alteromonadales","Alteromonadaceae","Aestuariibacter"
"114","Otu00247",0.168874174780279,0,"No","T1","Bacteria","Proteobacteria","Alphaproteobacteria","Caulobacterales","Hyphomonadaceae","uncultured"
"115","Otu00247",-0.233214730864982,0,"No","TF","Bacteria","Proteobacteria","Alphaproteobacteria","Caulobacterales","Hyphomonadaceae","uncultured"
"116","Otu00252",0.162550112160159,0,"No","TF","Bacteria","Proteobacteria","Alphaproteobacteria","Rhodobacterales","Rhodobacteraceae","Rhodobacteraceae_unclassified"
"117","Otu00260",0.0902940307413829,0,"No","T1","Bacteria","Bacteroidetes","Bacteroidia","Flavobacteriales","Flavobacteriaceae","Muricauda"
"118","Otu00260",-0.48060141558364,0,"No","TF","Bacteria","Bacteroidetes","Bacteroidia","Flavobacteriales","Flavobacteriaceae","Muricauda"
"119","Otu00263",-0.330358100823242,0,"No","T1","Bacteria","Bacteroidetes","Bacteroidia","Flavobacteriales","Flavobacteriaceae","Polaribacter_4"
"120","Otu00269",-0.152004517514188,0,"No","T1","Bacteria","Proteobacteria","Alphaproteobacteria","Rhizobiales","Rhizobiaceae","Ahrensia"
"121","Otu00270",0.0441842521214551,0,"No","T1","Bacteria","Cyanobacteria","Oxyphotobacteria","Nostocales","uncultured","uncultured_ge"
"122","Otu00274",-0.161624188535514,0,"No","T1","Bacteria","Planctomycetes","Planctomycetacia","Pirellulales","Pirellulaceae","Blastopirellula"
"123","Otu00285",-0.0740772933450348,0,"No","TF","Bacteria","Proteobacteria","Gammaproteobacteria","Betaproteobacteriales","Methylophilaceae","Methylotenera"
"124","Otu00285",0.171630863032672,0,"No","T1","Bacteria","Proteobacteria","Gammaproteobacteria","Betaproteobacteriales","Methylophilaceae","Methylotenera"
"125","Otu00291",-0.131367432628431,0,"No","T1","Bacteria","Proteobacteria","Gammaproteobacteria","Pseudomonadales","Moraxellaceae","Psychrobacter"
"126","Otu00291",0.160086433793349,0,"No","TF","Bacteria","Proteobacteria","Gammaproteobacteria","Pseudomonadales","Moraxellaceae","Psychrobacter"
"127","Otu00292",-0.101007660820602,0,"No","T1","Bacteria","Proteobacteria","Alphaproteobacteria","Rhodobacterales","Rhodobacteraceae","Silicimonas"
"128","Otu00292",-0.111338412313262,0,"No","TF","Bacteria","Proteobacteria","Alphaproteobacteria","Rhodobacterales","Rhodobacteraceae","Silicimonas"
"129","Otu00299",0.290988098448541,0,"No","T1","Bacteria","Bacteroidetes","Bacteroidia","Flavobacteriales","Flavobacteriaceae","Aquimarina"
"130","Otu00302",0.055145032293995,0,"No","T1","Bacteria","Actinobacteria","Acidimicrobiia","Microtrichales","Microtrichaceae","Sva0996_marine_group"
"131","Otu00309",-0.292660954724997,0,"No","T1","Bacteria","Proteobacteria","Alphaproteobacteria","Rhodobacterales","Rhodobacteraceae","Ruegeria"
"132","Otu00312",0.0315971061945401,0,"No","T1","Bacteria","Proteobacteria","Alphaproteobacteria","Rhodobacterales","Rhodobacteraceae","Tropicibacter"
"133","Otu00312",-0.0436228421880408,0,"No","TF","Bacteria","Proteobacteria","Alphaproteobacteria","Rhodobacterales","Rhodobacteraceae","Tropicibacter"
"134","Otu00313",-0.152342844820666,0,"No","T1","Bacteria","Proteobacteria","Gammaproteobacteria","Oceanospirillales","Endozoicomonadaceae","Endozoicomonas"
"135","Otu00319",0.0377428281727113,0,"No","T1","Bacteria","Firmicutes","Bacilli","Bacillales","Planococcaceae","Planomicrobium"
"136","Otu00320",0.0198940600460209,0,"No","T1","Bacteria","Bacteroidetes","Bacteroidia","Flavobacteriales","Flavobacteriaceae","Flavobacteriaceae_unclassified"
"137","Otu00323",0.108027025986057,0,"No","T1","Bacteria","Actinobacteria","Acidimicrobiia","Microtrichales","Microtrichaceae","Sva0996_marine_group"
"138","Otu00324",0.683699736918394,0,"No","T1","Bacteria","Proteobacteria","Deltaproteobacteria","Desulfobacterales","Desulfobacteraceae","Desulfobacter"
"139","Otu00326",0.0495951185358002,0,"No","T1","Bacteria","Proteobacteria","Gammaproteobacteria","Alteromonadales","Alteromonadaceae","Aestuariibacter"
"140","Otu00326",0.152125869482843,0,"No","TF","Bacteria","Proteobacteria","Gammaproteobacteria","Alteromonadales","Alteromonadaceae","Aestuariibacter"
"141","Otu00328",0.0904896695234961,0,"No","T1","Bacteria","Proteobacteria","Alphaproteobacteria","Rhodobacterales","Rhodobacteraceae","Rhodobacteraceae_unclassified"
"142","Otu00332",0.0283841319100262,0,"No","T1","Bacteria","Epsilonbacteraeota","Campylobacteria","Campylobacterales","Arcobacteraceae","Arcobacter"
"143","Otu00335",-0.000648577596573341,0,"No","TF","Bacteria","Cyanobacteria","Oxyphotobacteria","Synechococcales","Cyanobiaceae","Cyanobium_PCC-6307"
"144","Otu00341",0.071510237953364,0,"No","TF","Bacteria","Proteobacteria","Alphaproteobacteria","SAR11_clade","Clade_II","Clade_II_ge"
"145","Otu00341",-0.0619287145736186,0,"No","T1","Bacteria","Proteobacteria","Alphaproteobacteria","SAR11_clade","Clade_II","Clade_II_ge"
"146","Otu00343",0.0023311707108206,0,"No","T1","Bacteria","Proteobacteria","Alphaproteobacteria","Rhodobacterales","Rhodobacteraceae","Rhodobacteraceae_unclassified"
"147","Otu00347",-0.261550498328874,0,"No","TF","Bacteria","Bacteria_unclassified","Bacteria_unclassified","Bacteria_unclassified","Bacteria_unclassified","Bacteria_unclassified"
"148","Otu00347",-0.0287169407159595,0,"No","T1","Bacteria","Bacteria_unclassified","Bacteria_unclassified","Bacteria_unclassified","Bacteria_unclassified","Bacteria_unclassified"
"149","Otu00353",-0.430567739555947,0,"No","TF","Bacteria","Proteobacteria","Gammaproteobacteria","Gammaproteobacteria_Incertae_Sedis","Unknown_Family","Unknown_Family_unclassified"
"150","Otu00353",-0.185389711391737,0,"No","T1","Bacteria","Proteobacteria","Gammaproteobacteria","Gammaproteobacteria_Incertae_Sedis","Unknown_Family","Unknown_Family_unclassified"
"151","Otu00359",-0.01839064874555,0,"No","TF","Bacteria","Bacteroidetes","Bacteroidia","Chitinophagales","Saprospiraceae","uncultured"
"152","Otu00359",0.0777004780797892,0,"No","T1","Bacteria","Bacteroidetes","Bacteroidia","Chitinophagales","Saprospiraceae","uncultured"
"153","Otu00362",-0.174070329429558,0,"No","T1","Bacteria","Proteobacteria","Alphaproteobacteria","Rhodobacterales","Rhodobacteraceae","Shimia"
"154","Otu00368",0.132800420500822,0,"No","T1","Bacteria","Proteobacteria","Alphaproteobacteria","Rhizobiales","Methyloligellaceae","uncultured"
"155","Otu00376",0.26955228954192,0,"No","TF","Bacteria","Bacteroidetes","Bacteroidia","Flavobacteriales","Flavobacteriaceae","Tenacibaculum"
"156","Otu00378",-0.0371641089573634,0,"No","T1","Bacteria","Firmicutes","Clostridia","Clostridiales","Lachnospiraceae","Lachnospiraceae_unclassified"
"157","Otu00380",0.145835468600108,0,"No","T1","Bacteria","Bacteroidetes","Bacteroidia","Cytophagales","Cyclobacteriaceae","Fabibacter"
"158","Otu00382",0.262968094742562,0,"No","TF","Bacteria","Actinobacteria","Actinobacteria","Micrococcales","Micrococcaceae","Arthrobacter"
"159","Otu00385",-0.07437388093251,0,"No","T1","Bacteria","Proteobacteria","Deltaproteobacteria","Myxococcales","BIrii41","BIrii41_ge"
"160","Otu00385",0.100466158279596,0,"No","TF","Bacteria","Proteobacteria","Deltaproteobacteria","Myxococcales","BIrii41","BIrii41_ge"
"161","Otu00394",-0.158189570364003,0,"No","TF","Bacteria","Bacteroidetes","Bacteroidia","Flavobacteriales","Flavobacteriaceae","Flavobacteriaceae_unclassified"
"162","Otu00398",-0.170101553087681,0,"No","T1","Bacteria","Proteobacteria","Gammaproteobacteria","Alteromonadales","Alteromonadaceae","Alteromonadaceae_unclassified"
"163","Otu00404",0.00857512377963278,0,"No","T1","Bacteria","Actinobacteria","Actinobacteria","Propionibacteriales","Propionibacteriaceae","Cutibacterium"
"164","Otu00404",-0.0124892251881357,0,"No","TF","Bacteria","Actinobacteria","Actinobacteria","Propionibacteriales","Propionibacteriaceae","Cutibacterium"
"165","Otu00405",-0.100143913689184,0,"No","TF","Bacteria","Actinobacteria","Actinobacteria","Micrococcales","Micrococcaceae","Citricoccus"
"166","Otu00407",-0.0669346150467563,0,"No","T1","Bacteria","Planctomycetes","Planctomycetacia","Pirellulales","Pirellulaceae","Pir4_lineage"
"167","Otu00408",-0.411039409823269,0,"No","T1","Bacteria","Proteobacteria","Alphaproteobacteria","Caulobacterales","Hyphomonadaceae","Hyphomonadaceae_unclassified"
"168","Otu00408",0.0749584472749974,0,"No","TF","Bacteria","Proteobacteria","Alphaproteobacteria","Caulobacterales","Hyphomonadaceae","Hyphomonadaceae_unclassified"
"169","Otu00410",0.217602315257316,0,"No","TF","Bacteria","Proteobacteria","Alphaproteobacteria","Rhizobiales","Rhizobiaceae","uncultured"
"170","Otu00411",-0.0593904856488322,0,"No","T1","Bacteria","Proteobacteria","Alphaproteobacteria","Micavibrionales","Micavibrionaceae","uncultured"
"171","Otu00412",-0.245997288955548,0,"No","T1","Bacteria","Proteobacteria","Alphaproteobacteria","Parvibaculales","PS1_clade","PS1_clade_ge"
"172","Otu00416",-0.260861235427182,0,"No","T1","Bacteria","Proteobacteria","Alphaproteobacteria","Rhodobacterales","Rhodobacteraceae","Rhodobacteraceae_unclassified"
"173","Otu00416",0.173441247389023,0,"No","TF","Bacteria","Proteobacteria","Alphaproteobacteria","Rhodobacterales","Rhodobacteraceae","Rhodobacteraceae_unclassified"
"174","Otu00417",-0.00926030904068426,0,"No","T1","Bacteria","Proteobacteria","Gammaproteobacteria","Cellvibrionales","Spongiibacteraceae","Spongiibacteraceae_unclassified"
"175","Otu00418",-0.0579282348500074,0,"No","T1","Bacteria","Bacteroidetes","Bacteroidia","Chitinophagales","Saprospiraceae","Lewinella"
"176","Otu00421",-0.116340332353433,0,"No","T1","Bacteria","Planctomycetes","Planctomycetacia","Pirellulales","Pirellulaceae","Pir4_lineage"
"177","Otu00422",0.700668419289546,0,"No","T1","Bacteria","Halanaerobiaeota","Halanaerobiia","Halanaerobiales","Halobacteroidaceae","uncultured"
"178","Otu00425",0.0358070653479233,0,"No","TF","Bacteria","Bacteroidetes","Bacteroidia","Chitinophagales","Saprospiraceae","uncultured"
"179","Otu00430",0.0310242769416645,0,"No","T1","Bacteria","Proteobacteria","Gammaproteobacteria","Gammaproteobacteria_unclassified","Gammaproteobacteria_unclassified","Gammaproteobacteria_unclassified"
"180","Otu00432",0.00407587647756451,0,"No","T1","Bacteria","Proteobacteria","Gammaproteobacteria","Betaproteobacteriales","Methylophilaceae","OM43_clade"
"181","Otu00436",-0.000825521742137496,0,"No","T1","Bacteria","Planctomycetes","Planctomycetacia","Pirellulales","Pirellulaceae","Bythopirellula"
"182","Otu00438",0.453961332975447,0,"No","T1","Bacteria","Proteobacteria","Gammaproteobacteria","Alteromonadales","Pseudoalteromonadaceae","Pseudoalteromonas"
"183","Otu00438",-0.106664178042553,0,"No","TF","Bacteria","Proteobacteria","Gammaproteobacteria","Alteromonadales","Pseudoalteromonadaceae","Pseudoalteromonas"
"184","Otu00439",-0.145162993550642,0,"No","TF","Bacteria","Bacteroidetes","Bacteroidia","Chitinophagales","Saprospiraceae","Saprospiraceae_unclassified"
"185","Otu00439",-0.319122837947167,0,"No","T1","Bacteria","Bacteroidetes","Bacteroidia","Chitinophagales","Saprospiraceae","Saprospiraceae_unclassified"
"186","Otu00440",-0.20356089072157,0,"No","TF","Bacteria","Proteobacteria","Gammaproteobacteria","Cellvibrionales","Halieaceae","Pseudohaliea"
"187","Otu00440",0.0652302553125204,0,"No","T1","Bacteria","Proteobacteria","Gammaproteobacteria","Cellvibrionales","Halieaceae","Pseudohaliea"
"188","Otu00449",-0.163678812738437,0,"No","T1","Bacteria","Bacteroidetes","Bacteroidia","Flavobacteriales","Cryomorphaceae","Cryomorpha"
"189","Otu00452",-0.0162806338147385,0,"No","T1","Bacteria","Bacteroidetes","Bacteroidia","Chitinophagales","Saprospiraceae","uncultured"
"190","Otu00461",-0.0784324933902942,0,"No","T1","Bacteria","Proteobacteria","Alphaproteobacteria","Caulobacterales","Hyphomonadaceae","uncultured"
"191","Otu00463",0.519797254508145,0,"No","TF","Bacteria","Bacteroidetes","Chlorobia","Chlorobiales","Chlorobiaceae","Prosthecochloris"
"192","Otu00470",-0.17647092872651,0,"No","T1","Bacteria","Proteobacteria","Alphaproteobacteria","Rhodobacterales","Rhodobacteraceae","Rhodobacteraceae_unclassified"
"193","Otu00473",-0.0783415586729744,0,"No","T1","Bacteria","Bacteroidetes","Bacteroidia","Cytophagales","Cyclobacteriaceae","Reichenbachiella"
"194","Otu00476",0.0590501016565056,0,"No","TF","Bacteria","Proteobacteria","Alphaproteobacteria","Caulobacterales","Hyphomonadaceae","Hyphomonadaceae_unclassified"
"195","Otu00477",0.295875484458841,0,"No","T1","Bacteria","Bacteroidetes","Bacteroidia","Flavobacteriales","Flavobacteriaceae","Flavobacteriaceae_unclassified"
"196","Otu00478",0.150862385212542,0,"No","T1","Bacteria","Bacteroidetes","Bacteroidia","Flavobacteriales","Flavobacteriaceae","Tenacibaculum"
"197","Otu00481",0.10746711603543,0,"No","T1","Bacteria","Planctomycetes","Planctomycetacia","Pirellulales","Pirellulaceae","Blastopirellula"
"198","Otu00486",0.0900973789024505,0,"No","T1","Bacteria","Proteobacteria","Gammaproteobacteria","Gammaproteobacteria_unclassified","Gammaproteobacteria_unclassified","Gammaproteobacteria_unclassified"
"199","Otu00486",-0.461318849636876,0,"No","TF","Bacteria","Proteobacteria","Gammaproteobacteria","Gammaproteobacteria_unclassified","Gammaproteobacteria_unclassified","Gammaproteobacteria_unclassified"
"200","Otu00488",-0.163679093146043,0,"No","T1","Bacteria","Bacteroidetes","Bacteroidia","Cytophagales","Cyclobacteriaceae","Cyclobacteriaceae_unclassified"
"201","Otu00489",-0.0456814540578478,0,"No","T1","Bacteria","Planctomycetes","Planctomycetacia","Pirellulales","Pirellulaceae","Pir4_lineage"
"202","Otu00496",0.0143264132928617,0,"No","T1","Bacteria","Proteobacteria","Alphaproteobacteria","Sphingomonadales","Sphingomonadaceae","Erythrobacter"
"203","Otu00496",0.158213877228658,0,"No","TF","Bacteria","Proteobacteria","Alphaproteobacteria","Sphingomonadales","Sphingomonadaceae","Erythrobacter"
"204","Otu00501",-0.163441543786058,0,"No","T1","Bacteria","Proteobacteria","Alphaproteobacteria","Caulobacterales","Parvularculaceae","Parvularculaceae_unclassified"
"205","Otu00504",-0.146333239058401,0,"No","T1","Bacteria","Proteobacteria","Alphaproteobacteria","Rhizobiales","Hyphomicrobiaceae","Filomicrobium"
"206","Otu00506",-0.302941585605339,0,"No","T1","Bacteria","Proteobacteria","Gammaproteobacteria","Arenicellales","Arenicellaceae","Arenicella"
"207","Otu00508",-0.150573781735055,0,"No","T1","Bacteria","Bacteroidetes","Bacteroidia","Flavobacteriales","Flavobacteriaceae","Muricauda"
"208","Otu00510",0.0369638266647251,0,"No","T1","Bacteria","Proteobacteria","Alphaproteobacteria","Rhizobiales","Rhizobiaceae","Pseudahrensia"
"209","Otu00514",-0.00623408126183575,0,"No","TF","Bacteria","Proteobacteria","Alphaproteobacteria","Rhizobiales","Methyloligellaceae","Methyloceanibacter"
"210","Otu00514",0.27311303926854,0,"No","T1","Bacteria","Proteobacteria","Alphaproteobacteria","Rhizobiales","Methyloligellaceae","Methyloceanibacter"
"211","Otu00521",-0.254703007111465,0,"No","T1","Bacteria","Verrucomicrobia","Verrucomicrobiae","Verrucomicrobiales","Rubritaleaceae","Roseibacillus"
"212","Otu00522",0.149046051669203,0,"No","T1","Bacteria","Proteobacteria","Alphaproteobacteria","Rhodobacterales","Rhodobacteraceae","Rhodobacteraceae_unclassified"
"213","Otu00524",0.170750108327348,0,"No","T1","Bacteria","Proteobacteria","Alphaproteobacteria","Rhodobacterales","Rhodobacteraceae","Roseovarius"
"214","Otu00527",0.251981173253132,0,"No","T1","Bacteria","Planctomycetes","OM190","OM190_or","OM190_fa","OM190_ge"
"215","Otu00529",-0.204292568353602,0,"No","T1","Bacteria","Patescibacteria","Gracilibacteria","JGI_0000069-P22","JGI_0000069-P22_fa","JGI_0000069-P22_ge"
"216","Otu00529",0.072186166848399,123,"No","TF","Bacteria","Patescibacteria","Gracilibacteria","JGI_0000069-P22","JGI_0000069-P22_fa","JGI_0000069-P22_ge"
"217","Otu00530",-0.0632879555632368,0,"No","T1","Bacteria","Proteobacteria","Gammaproteobacteria","Cellvibrionales","Cellvibrionaceae","uncultured"
"218","Otu00530",-0.34251858791224,0,"No","TF","Bacteria","Proteobacteria","Gammaproteobacteria","Cellvibrionales","Cellvibrionaceae","uncultured"
"219","Otu00531",0.288265441034936,0,"No","T1","Bacteria","Bacteroidetes","Bacteroidia","Flavobacteriales","Flavobacteriaceae","Psychroserpens"
"220","Otu00532",0.488373928223445,0,"No","T1","Bacteria","Bacteroidetes","Bacteroidia","Cytophagales","Cyclobacteriaceae","Marinoscillum"
"221","Otu00539",0.233220509566835,0,"No","TF","Bacteria","Proteobacteria","Alphaproteobacteria","Rhodobacterales","Rhodobacteraceae","Dinoroseobacter"
"222","Otu00540",0.151478371169581,0,"No","TF","Bacteria","Proteobacteria","Gammaproteobacteria","Alteromonadales","Alteromonadaceae","Alteromonadaceae_unclassified"
"223","Otu00541",0.0943004406583054,0,"No","T1","Bacteria","Bacteroidetes","Bacteroidia","Flavobacteriales","Flavobacteriaceae","Aurantivirga"
"224","Otu00547",-0.0656225192904939,0,"No","TF","Bacteria","Bacteroidetes","Bacteroidia","Bacteroidia_unclassified","Bacteroidia_unclassified","Bacteroidia_unclassified"
"225","Otu00547",-0.190828252293849,0,"No","T1","Bacteria","Bacteroidetes","Bacteroidia","Bacteroidia_unclassified","Bacteroidia_unclassified","Bacteroidia_unclassified"
"226","Otu00549",0.0276144263956737,0,"No","T1","Bacteria","Proteobacteria","Alphaproteobacteria","Kordiimonadales","Kordiimonadaceae","Kordiimonas"
"227","Otu00550",0.641601663870484,0,"No","T1","Bacteria","Halanaerobiaeota","Halanaerobiia","Halanaerobiales","Halobacteroidaceae","uncultured"
"228","Otu00551",0.349516313019648,0,"No","TF","Bacteria","Verrucomicrobia","Verrucomicrobiae","Verrucomicrobiales","Rubritaleaceae","Rubritaleaceae_unclassified"
"229","Otu00554",0.195583057001136,0,"No","T1","Bacteria","Proteobacteria","Alphaproteobacteria","Rhodobacterales","Rhodobacteraceae","Rhodobacteraceae_unclassified"
"230","Otu00563",0.132901316030226,0,"No","T1","Bacteria","Bacteroidetes","Bacteroidia","Chitinophagales","uncultured","uncultured_ge"
"231","Otu00564",-0.00361160189106482,0,"No","T1","Bacteria","Proteobacteria","Alphaproteobacteria","Rhodobacterales","Rhodobacteraceae","Rhodobacteraceae_unclassified"
"232","Otu00566",-0.158960504769189,0,"No","T1","Bacteria","Proteobacteria","Alphaproteobacteria","Alphaproteobacteria_unclassified","Alphaproteobacteria_unclassified","Alphaproteobacteria_unclassified"
"233","Otu00569",0.0926136768649677,0,"No","T1","Bacteria","Proteobacteria","Alphaproteobacteria","Kordiimonadales","Kordiimonadaceae","Kordiimonas"
"234","Otu00571",-0.181721284789938,0,"No","TF","Bacteria","Epsilonbacteraeota","Campylobacteria","Campylobacterales","Arcobacteraceae","Arcobacter"
"235","Otu00571",0.0311008616046235,0,"No","T1","Bacteria","Epsilonbacteraeota","Campylobacteria","Campylobacterales","Arcobacteraceae","Arcobacter"
"236","Otu00577",0.255258869359381,192,"No","T1","Bacteria","Bacteroidetes","Bacteroidia","Cytophagales","Cyclobacteriaceae","Reichenbachiella"
"237","Otu00579",0.0562049276888856,0,"No","T1","Bacteria","Bacteroidetes","Bacteroidia","Flavobacteriales","Flavobacteriaceae","Winogradskyella"
"238","Otu00594",0.144598137256612,0,"No","TF","Bacteria","Proteobacteria","Alphaproteobacteria","Rhodospirillales","Magnetospiraceae","Magnetospira"
"239","Otu00594",-0.0988226284350543,0,"No","T1","Bacteria","Proteobacteria","Alphaproteobacteria","Rhodospirillales","Magnetospiraceae","Magnetospira"
"240","Otu00595",-0.0156373890653602,0,"No","T1","Bacteria","Proteobacteria","Deltaproteobacteria","Desulfovibrionales","Desulfovibrionaceae","Halodesulfovibrio"
"241","Otu00603",-0.0280150377233011,0,"No","TF","Bacteria","Bacteroidetes","Bacteroidia","Flavobacteriales","Flavobacteriaceae","Kordia"
"242","Otu00603",-0.155514094150175,0,"No","T1","Bacteria","Bacteroidetes","Bacteroidia","Flavobacteriales","Flavobacteriaceae","Kordia"
"243","Otu00605",-0.0506214092900554,0,"No","T1","Bacteria","Bacteroidetes","Bacteroidia","Flavobacteriales","Flavobacteriaceae","Maribacter"
"244","Otu00606",-0.117107070498592,0,"No","TF","Bacteria","Proteobacteria","Gammaproteobacteria","Thiotrichales","Thiotrichaceae","Leucothrix"
"245","Otu00608",0.308674042099791,0,"No","TF","Bacteria","Bacteroidetes","Bacteroidia","Flavobacteriales","Flavobacteriaceae","NS5_marine_group"
"246","Otu00609",-0.0962066739658934,0,"No","TF","Bacteria","Proteobacteria","Gammaproteobacteria","Alteromonadales","Alteromonadaceae","Salinimonas"
"247","Otu00609",0.059080416071797,0,"No","T1","Bacteria","Proteobacteria","Gammaproteobacteria","Alteromonadales","Alteromonadaceae","Salinimonas"
"248","Otu00610",-0.17558864664791,0,"No","T1","Bacteria","Bacteroidetes","Bacteroidia","Chitinophagales","Saprospiraceae","Lewinella"
"249","Otu00612",-0.216946340759314,0,"No","T1","Bacteria","Bacteroidetes","Bacteroidia","Flavobacteriales","Flavobacteriaceae","Flavobacteriaceae_unclassified"
"250","Otu00622",0.13167949288827,0,"No","T1","Bacteria","Proteobacteria","Gammaproteobacteria","Alteromonadales","Colwelliaceae","Thalassotalea"
"251","Otu00628",0.203647633890742,0,"No","T1","Bacteria","Proteobacteria","Alphaproteobacteria","Caulobacterales","Hyphomonadaceae","Oceanicaulis"
"252","Otu00631",0.0640626722993674,0,"No","TF","Bacteria","Proteobacteria","Deltaproteobacteria","Myxococcales","BIrii41","BIrii41_ge"
"253","Otu00631",0.0687288283322664,0,"No","T1","Bacteria","Proteobacteria","Deltaproteobacteria","Myxococcales","BIrii41","BIrii41_ge"
"254","Otu00638",-0.0616208260281485,0,"No","T1","Bacteria","Proteobacteria","Alphaproteobacteria","Rhodovibrionales","Kiloniellaceae","uncultured"
"255","Otu00645",-0.457749677990847,0,"No","T1","Bacteria","Actinobacteria","Acidimicrobiia","Microtrichales","Ilumatobacteraceae","Ilumatobacter"
"256","Otu00646",0.0111946372501082,0,"No","T1","Bacteria","Bacteroidetes","Bacteroidia","Cytophagales","Cyclobacteriaceae","Reichenbachiella"
"257","Otu00653",-0.0750238559973183,0,"No","T1","Bacteria","Actinobacteria","Actinobacteria","Corynebacteriales","Corynebacteriaceae","Corynebacterium_1"
"258","Otu00654",0.0765137605306156,0,"No","T1","Bacteria","Proteobacteria","Gammaproteobacteria","Betaproteobacteriales","Neisseriaceae","uncultured"
"259","Otu00654",0.179675328650859,0,"No","TF","Bacteria","Proteobacteria","Gammaproteobacteria","Betaproteobacteriales","Neisseriaceae","uncultured"
"260","Otu00658",-0.104559678865723,0,"No","TF","Bacteria","Bacteroidetes","Bacteroidia","Flavobacteriales","Flavobacteriaceae","Aureicoccus"
"261","Otu00670",0.0474541634906821,0,"No","T1","Bacteria","Proteobacteria","Gammaproteobacteria","Cellvibrionales","Cellvibrionales_unclassified","Cellvibrionales_unclassified"
"262","Otu00674",0.0425425714070007,0,"No","TF","Bacteria","Bacteroidetes","Bacteroidia","Cytophagales","Cyclobacteriaceae","Ekhidna"
"263","Otu00675",-0.203616752312268,0,"No","T1","Bacteria","Bacteroidetes","Bacteroidia","Flavobacteriales","Flavobacteriaceae","Aureisphaera"
"264","Otu00678",0.163308942971602,0,"No","TF","Bacteria","Proteobacteria","Gammaproteobacteria","Oceanospirillales","Endozoicomonadaceae","Endozoicomonas"
"265","Otu00678",-0.106828849006458,0,"No","T1","Bacteria","Proteobacteria","Gammaproteobacteria","Oceanospirillales","Endozoicomonadaceae","Endozoicomonas"
"266","Otu00679",-0.166296283226355,0,"No","T1","Bacteria","Proteobacteria","Alphaproteobacteria","Rhizobiales","Rhizobiaceae","uncultured"
"267","Otu00681",0.118581289463038,0,"No","TF","Bacteria","Proteobacteria","Alphaproteobacteria","Rhodobacterales","Rhodobacteraceae","Rhodobacteraceae_unclassified"
"268","Otu00695",-0.0634652504989706,0,"No","T1","Bacteria","Proteobacteria","Gammaproteobacteria","Oceanospirillales","Saccharospirillaceae","Oleibacter"
"269","Otu00695",-0.155303469318643,0,"No","TF","Bacteria","Proteobacteria","Gammaproteobacteria","Oceanospirillales","Saccharospirillaceae","Oleibacter"
"270","Otu00699",-0.242794723317082,0,"No","T1","Bacteria","Proteobacteria","Gammaproteobacteria","Cellvibrionales","Halieaceae","Parahaliea"
"271","Otu00699",-0.00615349833710223,0,"No","TF","Bacteria","Proteobacteria","Gammaproteobacteria","Cellvibrionales","Halieaceae","Parahaliea"
"272","Otu00704",0.012567686545957,0,"No","T1","Bacteria","Planctomycetes","Planctomycetacia","Pirellulales","Pirellulaceae","Blastopirellula"
"273","Otu00704",0.110328334612176,0,"No","TF","Bacteria","Planctomycetes","Planctomycetacia","Pirellulales","Pirellulaceae","Blastopirellula"
"274","Otu00705",0.118670762696285,0,"No","T1","Bacteria","Proteobacteria","Gammaproteobacteria","Gammaproteobacteria_unclassified","Gammaproteobacteria_unclassified","Gammaproteobacteria_unclassified"
"275","Otu00706",0.186887127539113,0,"No","T1","Bacteria","Proteobacteria","Alphaproteobacteria","Rhodospirillales","Rhodospirillales_unclassified","Rhodospirillales_unclassified"
"276","Otu00708",0.165798165057035,0,"No","T1","Bacteria","Proteobacteria","Gammaproteobacteria","Alteromonadales","Pseudoalteromonadaceae","Algicola"
"277","Otu00711",-0.00615349833710223,0,"No","TF","Bacteria","Proteobacteria","Alphaproteobacteria","Sphingomonadales","Sphingomonadaceae","Erythrobacter"
"278","Otu00711",0.105358660205367,0,"No","T1","Bacteria","Proteobacteria","Alphaproteobacteria","Sphingomonadales","Sphingomonadaceae","Erythrobacter"
"279","Otu00715",0.0139253556367851,0,"No","T1","Bacteria","Bacteroidetes","Bacteroidia","Flavobacteriales","Flavobacteriaceae","Gilvibacter"
"280","Otu00719",-0.247123594029209,0,"No","T1","Bacteria","Proteobacteria","Alphaproteobacteria","Parvibaculales","Parvibaculaceae","Pyruvatibacter"
"281","Otu00726",-0.0926806764451099,0,"No","T1","Bacteria","Proteobacteria","Gammaproteobacteria","Alteromonadales","Alteromonadaceae","Aestuariibacter"
"282","Otu00727",-0.048856498108969,0,"No","TF","Bacteria","Proteobacteria","Alphaproteobacteria","Rhodobacterales","Rhodobacteraceae","Roseobacter_clade_CHAB-I-5_lineage"
"283","Otu00731",0.135582366306371,0,"No","T1","Bacteria","Bacteroidetes","Bacteroidia","Flavobacteriales","Cryomorphaceae","uncultured"
"284","Otu00737",0.020971677397748,0,"No","T1","Bacteria","Bacteroidetes","Bacteroidia","Chitinophagales","Saprospiraceae","uncultured"
"285","Otu00737",0.396556822066656,0,"No","TF","Bacteria","Bacteroidetes","Bacteroidia","Chitinophagales","Saprospiraceae","uncultured"
"286","Otu00745",-0.118749002811243,0,"No","T1","Bacteria","Proteobacteria","Gammaproteobacteria","Cellvibrionales","Halieaceae","Halieaceae_unclassified"
"287","Otu00755",0.297681359532975,0,"No","TF","Bacteria","Proteobacteria","Alphaproteobacteria","Sphingomonadales","Sphingomonadaceae","Sphingomonadaceae_unclassified"
"288","Otu00757",0.112427791125936,0,"No","TF","Bacteria","Proteobacteria","Gammaproteobacteria","Pseudomonadales","Moraxellaceae","Psychrobacter"
"289","Otu00761",-0.102302091699349,0,"No","T1","Bacteria","Planctomycetes","Planctomycetacia","Pirellulales","Pirellulaceae","Blastopirellula"
"290","Otu00767",0.0731459580966448,0,"No","T1","Bacteria","Proteobacteria","Gammaproteobacteria","Alteromonadales","Pseudoalteromonadaceae","Pseudoalteromonas"
"291","Otu00771",0.0558724939045702,0,"No","TF","Bacteria","Proteobacteria","Gammaproteobacteria","SAR86_clade","SAR86_clade_fa","SAR86_clade_ge"
"292","Otu00773",-0.0920409792318977,0,"No","T1","Bacteria","Proteobacteria","Gammaproteobacteria","Alteromonadales","Alteromonadaceae","Aestuariibacter"
"293","Otu00779",0.341219270190514,0,"No","T1","Bacteria","Bacteroidetes","Bacteroidia","Cytophagales","Cyclobacteriaceae","Fabibacter"
"294","Otu00780",-0.0118028226339586,0,"No","T1","Bacteria","Planctomycetes","Phycisphaerae","Phycisphaerales","Phycisphaeraceae","SM1A02"
"295","Otu00783",-0.047485432092623,0,"No","T1","Bacteria","Bacteroidetes","Bacteroidia","Cytophagales","Cyclobacteriaceae","uncultured"
"296","Otu00794",0.0396325877656197,0,"No","TF","Bacteria","Cyanobacteria","Oxyphotobacteria","Nostocales","Microcystaceae","SU2_symbiont_group"
"297","Otu00796",-0.125186354610964,0,"No","T1","Bacteria","Proteobacteria","Gammaproteobacteria","Vibrionales","Vibrionaceae","Vibrio"
"298","Otu00797",0.398681450027361,0,"No","T1","Bacteria","Proteobacteria","Gammaproteobacteria","Gammaproteobacteria_unclassified","Gammaproteobacteria_unclassified","Gammaproteobacteria_unclassified"
"299","Otu00825",0.256399033175105,0,"No","T1","Bacteria","Cyanobacteria","Oxyphotobacteria","Nostocales","Xenococcaceae","Xenococcaceae_unclassified"
"300","Otu00826",0.0804930473877562,0,"No","T1","Bacteria","Proteobacteria","Alphaproteobacteria","SAR11_clade","Clade_III","Clade_III_ge"
"301","Otu00833",0.174227377925545,0,"No","T1","Bacteria","Bacteroidetes","Bacteroidia","Flavobacteriales","Flavobacteriaceae","NS5_marine_group"
"302","Otu00834",0.131179578595476,0,"No","T1","Bacteria","Proteobacteria","Gammaproteobacteria","Cellvibrionales","Cellvibrionaceae","uncultured"
"303","Otu00837",0.12608866454104,0,"No","TF","Bacteria","Proteobacteria","Gammaproteobacteria","Cellvibrionales","Cellvibrionaceae","Cellvibrionaceae_unclassified"
"304","Otu00837",-0.0809810903860314,0,"No","T1","Bacteria","Proteobacteria","Gammaproteobacteria","Cellvibrionales","Cellvibrionaceae","Cellvibrionaceae_unclassified"
"305","Otu00845",0.32187142894967,0,"No","T1","Bacteria","Bacteroidetes","Bacteroidia","Chitinophagales","uncultured","uncultured_ge"
"306","Otu00853",-0.252992477091879,0,"No","T1","Bacteria","Proteobacteria","Alphaproteobacteria","Rhodobacterales","Rhodobacteraceae","Marivita"
"307","Otu00860",-0.136633442356363,0,"No","T1","Bacteria","Proteobacteria","Alphaproteobacteria","Rhodobacterales","Rhodobacteraceae","Rhodobacteraceae_unclassified"
"308","Otu00868",0.255662684533842,0,"No","T1","Bacteria","Bacteroidetes","Bacteroidia","Chitinophagales","Saprospiraceae","Saprospiraceae_unclassified"
"309","Otu00871",0.0934509443014892,0,"No","T1","Bacteria","Planctomycetes","Planctomycetacia","Pirellulales","Pirellulaceae","Blastopirellula"
"310","Otu00872",-0.0944654387525625,0,"No","T1","Bacteria","Proteobacteria","Alphaproteobacteria","Micavibrionales","uncultured","uncultured_ge"
"311","Otu00873",0.100475009055804,0,"No","T1","Bacteria","Proteobacteria","Alphaproteobacteria","uncultured","uncultured_fa","uncultured_ge"
"312","Otu00875",-0.143658987852106,0,"No","T1","Bacteria","Proteobacteria","Gammaproteobacteria","Gammaproteobacteria_unclassified","Gammaproteobacteria_unclassified","Gammaproteobacteria_unclassified"
"313","Otu00878",-0.105431418236338,0,"No","T1","Bacteria","Planctomycetes","Planctomycetacia","Pirellulales","Pirellulaceae","Pirellula"
"314","Otu00879",0.310884245857302,0,"No","TF","Bacteria","Proteobacteria","Gammaproteobacteria","Alteromonadales","Colwelliaceae","Thalassotalea"
"315","Otu00880",-0.158512143366021,0,"No","T1","Bacteria","Firmicutes","Bacilli","Bacillales","Bacillaceae","Marinococcus"
"316","Otu00889",-0.157815465049777,0,"No","T1","Bacteria","Bacteroidetes","Bacteroidia","Chitinophagales","Saprospiraceae","uncultured"
"317","Otu00890",0.190376558262621,0,"No","T1","Bacteria","Acidobacteria","Holophagae","Acanthopleuribacterales","Acanthopleuribacteraceae","Acanthopleuribacter"
"318","Otu00896",0.0563123974914916,0,"No","T1","Bacteria","Proteobacteria","Gammaproteobacteria","Pseudomonadales","Moraxellaceae","Psychrobacter"
"319","Otu00912",-0.255299251978757,0,"No","T1","Bacteria","Planctomycetes","Planctomycetacia","Planctomycetales","Rubinisphaeraceae","Rubinisphaeraceae_unclassified"
"320","Otu00914",-0.00601180577894152,0,"No","T1","Bacteria","Actinobacteria","Actinobacteria","Micrococcales","Micrococcaceae","Kocuria"
"321","Otu00924",0.0129073997439873,0,"No","T1","Bacteria","Patescibacteria","Parcubacteria","Parcubacteria_unclassified","Parcubacteria_unclassified","Parcubacteria_unclassified"
"322","Otu00929",0.061610973674855,0,"No","T1","Bacteria","Proteobacteria","Alphaproteobacteria","Micavibrionales","Micavibrionaceae","uncultured"
"323","Otu00931",0.18987003252108,0,"No","T1","Bacteria","Proteobacteria","Alphaproteobacteria","Sphingomonadales","Sphingomonadaceae","Sphingorhabdus"
"324","Otu00935",-0.224609240014235,0,"No","T1","Bacteria","Bacteroidetes","Bacteroidia","Chitinophagales","Saprospiraceae","Lewinella"
"325","Otu00937",0.21368903934722,0,"No","T1","Bacteria","Proteobacteria","Alphaproteobacteria","Rhodobacterales","Rhodobacteraceae","Rhodobacteraceae_unclassified"
"326","Otu00943",0.29865892128635,0,"No","T1","Bacteria","Bacteroidetes","Bacteroidia","Cytophagales","Amoebophilaceae","uncultured"
"327","Otu00952",0.153685216351028,0,"No","TF","Bacteria","Proteobacteria","Alphaproteobacteria","Micavibrionales","Micavibrionaceae","uncultured"
"328","Otu00956",0.183329696474087,0,"No","T1","Bacteria","Proteobacteria","Alphaproteobacteria","Rhodobacterales","Rhodobacteraceae","Rhodobacteraceae_unclassified"
"329","Otu00957",0.251705835006928,0,"No","T1","Bacteria","Planctomycetes","Planctomycetacia","Planctomycetales","Rubinisphaeraceae","Rubinisphaeraceae_unclassified"
"330","Otu00963",0.128395272665951,0,"No","T1","Bacteria","Bacteria_unclassified","Bacteria_unclassified","Bacteria_unclassified","Bacteria_unclassified","Bacteria_unclassified"
"331","Otu00969",-0.0640117358435961,0,"No","T1","Bacteria","Bacteroidetes","Bacteroidia","Chitinophagales","Saprospiraceae","Portibacter"
"332","Otu00982",-0.442257725135882,0,"No","TF","Bacteria","Bacteroidetes","Bacteroidia","Chitinophagales","Saprospiraceae","uncultured"
"333","Otu00986",0.241077607099395,0,"No","T1","Bacteria","Planctomycetes","OM190","OM190_or","OM190_fa","OM190_ge"
"334","Otu00990",0.168017041488726,0,"No","TF","Bacteria","Proteobacteria","Deltaproteobacteria","Myxococcales","Nannocystaceae","uncultured"
"335","Otu01014",-0.147886364766795,0,"No","T1","Bacteria","Cyanobacteria","Oxyphotobacteria","Oxyphotobacteria_unclassified","Oxyphotobacteria_unclassified","Oxyphotobacteria_unclassified"
"336","Otu01018",-0.131473649999689,0,"No","T1","Bacteria","Bacteroidetes","Bacteroidia","Bacteroidia_unclassified","Bacteroidia_unclassified","Bacteroidia_unclassified"
"337","Otu01029",-0.0466162780546971,0,"No","TF","Bacteria","Proteobacteria","Alphaproteobacteria","Alphaproteobacteria_unclassified","Alphaproteobacteria_unclassified","Alphaproteobacteria_unclassified"
"338","Otu01039",0.00837926252170327,0,"No","T1","Bacteria","Proteobacteria","Alphaproteobacteria","Rhodospirillales","AEGEAN-169_marine_group","AEGEAN-169_marine_group_ge"
"339","Otu01040",-0.124778695684572,0,"No","T1","Bacteria","Patescibacteria","Gracilibacteria","JGI_0000069-P22","JGI_0000069-P22_fa","JGI_0000069-P22_ge"
"340","Otu01044",-0.00319538272330921,0,"No","T1","Bacteria","Bacteroidetes","Rhodothermia","Rhodothermales","Rhodothermaceae","uncultured"
"341","Otu01047",0.218611452692106,0,"No","T1","Bacteria","Proteobacteria","Alphaproteobacteria","Rhizobiales","Hyphomicrobiaceae","Filomicrobium"
"342","Otu01049",0.140838729698846,0,"No","T1","Bacteria","Proteobacteria","Alphaproteobacteria","Tistrellales","Geminicoccaceae","Geminicoccaceae_unclassified"
"343","Otu01057",-0.381488132232496,0,"No","TF","Bacteria","Proteobacteria","Alphaproteobacteria","Caulobacterales","Caulobacteraceae","Brevundimonas"
"344","Otu01063",-0.0094080621247669,0,"No","TF","Bacteria","Cyanobacteria","Oxyphotobacteria","Oxyphotobacteria_unclassified","Oxyphotobacteria_unclassified","Oxyphotobacteria_unclassified"
"345","Otu01063",-0.113842823518747,0,"No","T1","Bacteria","Cyanobacteria","Oxyphotobacteria","Oxyphotobacteria_unclassified","Oxyphotobacteria_unclassified","Oxyphotobacteria_unclassified"
"346","Otu01065",0.0195602636687603,0,"No","TF","Bacteria","Planctomycetes","Planctomycetes_unclassified","Planctomycetes_unclassified","Planctomycetes_unclassified","Planctomycetes_unclassified"
"347","Otu01065",0.0978547936559935,0,"No","T1","Bacteria","Planctomycetes","Planctomycetes_unclassified","Planctomycetes_unclassified","Planctomycetes_unclassified","Planctomycetes_unclassified"
"348","Otu01071",-0.0394862110987411,0,"No","TF","Bacteria","Bacteroidetes","Bacteroidia","Flavobacteriales","Flavobacteriaceae","Gillisia"
"349","Otu01081",-0.236153783038136,0,"No","TF","Bacteria","Bacteroidetes","Bacteroidia","Flavobacteriales","Flavobacteriaceae","Gilvibacter"
"350","Otu01081",0.226160441981347,0,"No","T1","Bacteria","Bacteroidetes","Bacteroidia","Flavobacteriales","Flavobacteriaceae","Gilvibacter"
"351","Otu01084",-0.00362839888591692,0,"No","T1","Bacteria","Proteobacteria","Gammaproteobacteria","Alteromonadales","Pseudoalteromonadaceae","Pseudoalteromonas"
"352","Otu01085",0.0926211152830201,0,"No","T1","Bacteria","Proteobacteria","Gammaproteobacteria","Gammaproteobacteria_unclassified","Gammaproteobacteria_unclassified","Gammaproteobacteria_unclassified"
"353","Otu01100",-0.121718332702515,0,"No","T1","Bacteria","Proteobacteria","Gammaproteobacteria","Betaproteobacteriales","Burkholderiaceae","Ralstonia"
"354","Otu01103",0.260277334075609,0,"No","T1","Bacteria","Chlamydiae","Chlamydiae","Chlamydiales","Simkaniaceae","uncultured"
"355","Otu01105",-0.128363514686929,0,"No","T1","Bacteria","Proteobacteria","Alphaproteobacteria","Rhodospirillales","Terasakiellaceae","uncultured"
"356","Otu01119",0.103779484095671,0,"No","T1","Bacteria","Bacteroidetes","Bacteroidia","Bacteroidia_unclassified","Bacteroidia_unclassified","Bacteroidia_unclassified"
"357","Otu01122",-0.0131594168663495,0,"No","T1","Bacteria","Bacteroidetes","Bacteroidia","Cytophagales","Cyclobacteriaceae","Ekhidna"
"358","Otu01124",-0.146346494143352,0,"No","TF","Bacteria","Planctomycetes","Phycisphaerae","Phycisphaerales","Phycisphaeraceae","SM1A02"
"359","Otu01136",-0.0367037339497998,0,"No","T1","Bacteria","Proteobacteria","Alphaproteobacteria","uncultured","uncultured_fa","uncultured_ge"
"360","Otu01137",0.0432487191904294,0,"No","TF","Bacteria","Proteobacteria","Gammaproteobacteria","Gammaproteobacteria_unclassified","Gammaproteobacteria_unclassified","Gammaproteobacteria_unclassified"
"361","Otu01140",0.26876214801869,0,"No","T1","Bacteria","Proteobacteria","Gammaproteobacteria","Oceanospirillales","Nitrincolaceae","Neptuniibacter"
"362","Otu01148",0.204372795190533,0,"No","TF","Bacteria","Proteobacteria","Alphaproteobacteria","Rhodobacterales","Rhodobacteraceae","Roseivivax"
"363","Otu01153",0.360358334186291,0,"No","TF","Bacteria","Bacteroidetes","Bacteroidia","Flavobacteriales","Flavobacteriaceae","Winogradskyella"
"364","Otu01159",0.056857999662508,0,"No","T1","Bacteria","Planctomycetes","Planctomycetacia","Pirellulales","Pirellulaceae","Blastopirellula"
"365","Otu01161",0.175330197394982,0,"No","T1","Bacteria","Proteobacteria","Gammaproteobacteria","Coxiellales","Coxiellaceae","Coxiella"
"366","Otu01169",-0.0305081641402465,0,"No","T1","Bacteria","Proteobacteria","Alphaproteobacteria","Rhodovibrionales","Kiloniellaceae","Kiloniella"
"367","Otu01177",0.330466442980629,0,"No","TF","Bacteria","Actinobacteria","Actinobacteria","Corynebacteriales","Dietziaceae","Dietzia"
"368","Otu01183",-0.42167800598486,0,"No","TF","Bacteria","Bacteroidetes","Bacteroidia","Flavobacteriales","Weeksellaceae","Cloacibacterium"
"369","Otu01185",-0.363754419112265,0,"No","TF","Bacteria","Proteobacteria","Gammaproteobacteria","Pseudomonadales","Pseudomonadaceae","Pseudomonas"
"370","Otu01187",0.0412912249832501,0,"No","T1","Bacteria","Proteobacteria","Gammaproteobacteria","Vibrionales","Vibrionaceae","Photobacterium"
"371","Otu01190",-0.177210893449788,0,"No","T1","Bacteria","Firmicutes","Bacilli","Bacillales","Staphylococcaceae","Staphylococcus"
"372","Otu01204",-0.101444275077267,0,"No","T1","Bacteria","Proteobacteria","Alphaproteobacteria","Caulobacterales","Hyphomonadaceae","uncultured"
"373","Otu01208",0.0578511687426597,0,"No","T1","Bacteria","Bacteroidetes","Bacteroidia","Flavobacteriales","Flavobacteriaceae","Flavobacteriaceae_unclassified"
"374","Otu01210",-0.03811173144958,0,"No","TF","Bacteria","Bacteroidetes","Bacteroidia","Chitinophagales","Saprospiraceae","uncultured"
"375","Otu01212",0.14035298210966,0,"No","TF","Bacteria","Verrucomicrobia","Verrucomicrobiae","Verrucomicrobiales","Rubritaleaceae","Rubritalea"
"376","Otu01212",0.110814678461504,0,"No","T1","Bacteria","Verrucomicrobia","Verrucomicrobiae","Verrucomicrobiales","Rubritaleaceae","Rubritalea"
"377","Otu01220",0.155150248282048,0,"No","TF","Bacteria","Bacteroidetes","Bacteroidia","Cytophagales","Amoebophilaceae","uncultured"
"378","Otu01221",-0.206479751282541,0,"No","TF","Bacteria","Proteobacteria","Alphaproteobacteria","Alphaproteobacteria_unclassified","Alphaproteobacteria_unclassified","Alphaproteobacteria_unclassified"
"379","Otu01233",0.106454178537945,0,"No","TF","Bacteria","Proteobacteria","Gammaproteobacteria","Arenicellales","Arenicellaceae","Arenicella"
"380","Otu01233",0.0406933423952806,0,"No","T1","Bacteria","Proteobacteria","Gammaproteobacteria","Arenicellales","Arenicellaceae","Arenicella"
"381","Otu01247",0.0571174601253232,0,"No","T1","Bacteria","Proteobacteria","Alphaproteobacteria","Puniceispirillales","SAR116_clade","SAR116_clade_ge"
"382","Otu01257",-0.0109490968677549,0,"No","TF","Bacteria","Proteobacteria","Deltaproteobacteria","Bdellovibrionales","Bacteriovoracaceae","Bacteriovoracaceae_unclassified"
"383","Otu01265",0.0119724857889344,0,"No","T1","Bacteria","Proteobacteria","Alphaproteobacteria","SAR11_clade","Clade_III","Clade_III_ge"
"384","Otu01268",0.274869356569624,0,"No","T1","Bacteria","Bacteroidetes","Bacteroidia","Chitinophagales","Saprospiraceae","Saprospiraceae_unclassified"
"385","Otu01276",-0.183425739847871,0,"No","T1","Bacteria","Proteobacteria","Alphaproteobacteria","Rhodobacterales","Rhodobacteraceae","Rhodobacteraceae_unclassified"
"386","Otu01299",0.13112576440656,0,"No","T1","Bacteria","Bacteroidetes","Bacteroidia","Chitinophagales","Saprospiraceae","Saprospiraceae_unclassified"
"387","Otu01305",0.294625462071361,0,"No","T1","Bacteria","Proteobacteria","Alphaproteobacteria","Rhizobiales","Rhizobiaceae","uncultured"
"388","Otu01309",0.057013358114094,0,"No","T1","Bacteria","Proteobacteria","Gammaproteobacteria","Gammaproteobacteria_unclassified","Gammaproteobacteria_unclassified","Gammaproteobacteria_unclassified"
"389","Otu01313",0.0532425497062015,0,"No","T1","Bacteria","Bacteroidetes","Bacteroidia","Bacteroidia_unclassified","Bacteroidia_unclassified","Bacteroidia_unclassified"
"390","Otu01317",0.0689427249455929,0,"No","T1","Bacteria","Proteobacteria","Gammaproteobacteria","Arenicellales","Arenicellaceae","Arenicella"
"391","Otu01325",-0.0226580484906299,0,"No","T1","Bacteria","Proteobacteria","Alphaproteobacteria","Caulobacterales","Parvularculaceae","uncultured"
"392","Otu01327",0.217714621964783,0,"No","T1","Bacteria","Proteobacteria","Gammaproteobacteria","Alteromonadales","Alteromonadaceae","Salinimonas"
"393","Otu01330",0.14035298210966,0,"No","TF","Bacteria","Bacteroidetes","Bacteroidia","Chitinophagales","Saprospiraceae","Saprospiraceae_unclassified"
"394","Otu01331",0.00652831423942566,0,"No","T1","Bacteria","Planctomycetes","Phycisphaerae","Phycisphaerales","Phycisphaeraceae","SM1A02"
"395","Otu01332",-0.190422883489292,0,"No","T1","Bacteria","Proteobacteria","Alphaproteobacteria","Alphaproteobacteria_unclassified","Alphaproteobacteria_unclassified","Alphaproteobacteria_unclassified"
"396","Otu01338",-0.137169321545585,0,"No","T1","Bacteria","Proteobacteria","Gammaproteobacteria","Vibrionales","Vibrionaceae","Vibrio"
"397","Otu01345",-0.365003420440697,0,"No","T1","Bacteria","Proteobacteria","Gammaproteobacteria","Oceanospirillales","SS1-B-06-26","SS1-B-06-26_ge"
"398","Otu01346",-0.0739466990556778,0,"No","T1","Bacteria","Proteobacteria","Alphaproteobacteria","Rhodobacterales","Rhodobacteraceae","Rhodobacteraceae_unclassified"
"399","Otu01348",0.228347916651212,0,"No","T1","Bacteria","Proteobacteria","Alphaproteobacteria","Caulobacterales","Hyphomonadaceae","Hellea"
"400","Otu01349",0.229391479875507,0,"No","T1","Bacteria","Acidobacteria","Thermoanaerobaculia","Thermoanaerobaculales","Thermoanaerobaculaceae","Subgroup_10"
"401","Otu01356",0.204048521809563,0,"No","T1","Bacteria","Proteobacteria","Gammaproteobacteria","Thiotrichales","Thiotrichaceae","uncultured"
"402","Otu01376",0.094244223200906,0,"No","T1","Bacteria","Planctomycetes","OM190","OM190_or","OM190_fa","OM190_ge"
"403","Otu01377",0.138312003871805,0,"No","T1","Bacteria","Proteobacteria","Alphaproteobacteria","Rhodospirillales","Magnetospiraceae","Magnetospira"
"404","Otu01404",0.0764775803313475,0,"No","T1","Bacteria","Proteobacteria","Gammaproteobacteria","Thiohalorhabdales","Thiohalorhabdaceae","Granulosicoccus"
"405","Otu01431",-0.39306930922588,0,"No","TF","Bacteria","Bacteroidetes","Bacteroidia","Cytophagales","Cyclobacteriaceae","uncultured"
"406","Otu01435",0.187005409093561,0,"No","T1","Bacteria","Proteobacteria","Gammaproteobacteria","Cellvibrionales","Halieaceae","Halioglobus"
"407","Otu01435",0.12606907529711,0,"No","TF","Bacteria","Proteobacteria","Gammaproteobacteria","Cellvibrionales","Halieaceae","Halioglobus"
"408","Otu01446",0.0764867376110368,0,"No","T1","Bacteria","Planctomycetes","Planctomycetacia","Pirellulales","Pirellulaceae","Blastopirellula"
"409","Otu01458",0.215030108514643,0,"No","T1","Bacteria","Proteobacteria","Alphaproteobacteria","Caulobacterales","Caulobacteraceae","Brevundimonas"
"410","Otu01488",0.29206955564997,0,"No","T1","Bacteria","Bacteroidetes","Bacteroidia","Flavobacteriales","Flavobacteriaceae","NS4_marine_group"
"411","Otu01493",0.0301489156456338,0,"No","T1","Bacteria","Proteobacteria","Gammaproteobacteria","Alteromonadales","Pseudoalteromonadaceae","Algicola"
"412","Otu01498",-0.0980998258925708,0,"No","T1","Bacteria","Actinobacteria","Actinobacteria","Corynebacteriales","Corynebacteriaceae","Lawsonella"
"413","Otu01537",-0.249307164596172,0,"No","T1","Bacteria","Planctomycetes","Phycisphaerae","Phycisphaerales","Phycisphaeraceae","SM1A02"
"414","Otu01600",-0.110209303104214,0,"No","T1","Bacteria","Proteobacteria","Gammaproteobacteria","Cellvibrionales","Halieaceae","Halieaceae_unclassified"
"415","Otu01608",0.0677365556567611,0,"No","T1","Bacteria","Bacteroidetes","Bacteroidia","Bacteroidales","Marinifilaceae","Marinifilum"
"416","Otu01610",0.0205180032064437,0,"No","TF","Bacteria","Proteobacteria","Gammaproteobacteria","Alteromonadales","Pseudoalteromonadaceae","Pseudoalteromonas"
"417","Otu01616",-0.22580603104852,0,"No","TF","Bacteria","Proteobacteria","Alphaproteobacteria","Rhodobacterales","Rhodobacteraceae","Rhodobacteraceae_unclassified"
"418","Otu01622",0.10042983043431,0,"No","T1","Bacteria","Bacteroidetes","Bacteroidia","Bacteroidales","Marinifilaceae","uncultured"
"419","Otu01651",-0.230380189387994,0,"No","T1","Bacteria","Bacteroidetes","Bacteroidia","Cytophagales","Cyclobacteriaceae","Ekhidna"
"420","Otu01656",-0.0813476577343576,0,"No","T1","Bacteria","Epsilonbacteraeota","Campylobacteria","Campylobacterales","Campylobacterales_unclassified","Campylobacterales_unclassified"
"421","Otu01658",0.178934239311019,0,"No","T1","Bacteria","Planctomycetes","Phycisphaerae","Phycisphaerales","Phycisphaeraceae","SM1A02"
"422","Otu01662",0.0395523538247144,0,"No","T1","Bacteria","Proteobacteria","Alphaproteobacteria","Rickettsiales","Midichloriaceae","Midichloriaceae_unclassified"
"423","Otu01674",0.114066626886448,0,"No","T1","Bacteria","Proteobacteria","Alphaproteobacteria","Alphaproteobacteria_unclassified","Alphaproteobacteria_unclassified","Alphaproteobacteria_unclassified"
"424","Otu01686",-0.0356959376702026,0,"No","T1","Bacteria","Proteobacteria","Alphaproteobacteria","Rhodospirillales","Terasakiellaceae","uncultured"
"425","Otu01688",-0.118990518478373,0,"No","T1","Bacteria","Proteobacteria","Gammaproteobacteria","Thiotrichales","Thiotrichaceae","uncultured"
"426","Otu01693",0.0275724070479578,0,"No","T1","Bacteria","Proteobacteria","Gammaproteobacteria","Cellvibrionales","Halieaceae","Pseudohaliea"
"427","Otu01716",-0.00463198099968334,0,"No","T1","Bacteria","Proteobacteria","Alphaproteobacteria","Sphingomonadales","Sphingomonadaceae","Erythrobacter"
"428","Otu01717",0.239513581243799,0,"No","T1","Bacteria","Planctomycetes","OM190","OM190_or","OM190_fa","OM190_ge"
"429","Otu01725",0.0317121469094426,0,"No","T1","Archaea","Euryarchaeota","Halobacteria","Halobacteriales","Halococcaceae","Halococcus"
"430","Otu01732",-0.00692123826664736,0,"No","T1","Bacteria","Proteobacteria","Gammaproteobacteria","Alteromonadales","Alteromonadaceae","Alteromonas"
"431","Otu01746",-0.0409464651328304,0,"No","T1","Bacteria","Proteobacteria","Alphaproteobacteria","Rhodobacterales","Rhodobacteraceae","Actibacterium"
"432","Otu01751",0.0571081020123854,0,"No","T1","Bacteria","Acidobacteria","Subgroup_22","Subgroup_22_or","Subgroup_22_fa","Subgroup_22_ge"
"433","Otu01758",-0.0155523711093127,0,"No","TF","Bacteria","Bacteroidetes","Bacteroidia","Cytophagales","Cyclobacteriaceae","uncultured"
"434","Otu01767",-0.0374179945578194,0,"No","T1","Bacteria","Proteobacteria","Gammaproteobacteria","Betaproteobacteriales","Burkholderiaceae","Acidovorax"
"435","Otu01790",-0.206479751282541,0,"No","TF","Bacteria","Proteobacteria","Gammaproteobacteria","OM182_clade","OM182_clade_fa","OM182_clade_ge"
"436","Otu01791",-0.114462331715547,0,"No","T1","Bacteria","Proteobacteria","Deltaproteobacteria","PB19","PB19_fa","PB19_ge"
"437","Otu01803",0.0827207930634864,0,"No","TF","Bacteria","Bacteroidetes","Chlorobia","Chlorobiales","Chlorobiaceae","Prosthecochloris"
"438","Otu01825",0.132167940543807,0,"No","TF","Bacteria","Proteobacteria","Gammaproteobacteria","Alteromonadales","Alteromonadaceae","Alteromonas"
"439","Otu01825",0.0270348906495667,0,"No","T1","Bacteria","Proteobacteria","Gammaproteobacteria","Alteromonadales","Alteromonadaceae","Alteromonas"
"440","Otu01842",0.12730955720856,0,"No","T1","Bacteria","Bacteria_unclassified","Bacteria_unclassified","Bacteria_unclassified","Bacteria_unclassified","Bacteria_unclassified"
"441","Otu01911",-0.0390572781208851,0,"No","T1","Bacteria","Bacteroidetes","Bacteroidia","Flavobacteriales","Cryomorphaceae","uncultured"
"442","Otu01919",-0.0479952288496252,0,"No","T1","Bacteria","Planctomycetes","Planctomycetacia","Pirellulales","Pirellulaceae","Pir4_lineage"
"443","Otu01921",0.357768409004775,0,"No","T1","Bacteria","Bacteroidetes","Bacteroidia","Chitinophagales","Saprospiraceae","uncultured"
"444","Otu01931",0.150791114329771,0,"No","TF","Bacteria","Bacteroidetes","Bacteroidia","Flavobacteriales","Flavobacteriaceae","Winogradskyella"
"445","Otu01935",0.110487651441674,0,"No","T1","Bacteria","Bacteroidetes","Bacteroidia","Flavobacteriales","Flavobacteriaceae","Psychroflexus"
"446","Otu01941",-0.0211557665060171,0,"No","T1","Bacteria","Proteobacteria","Gammaproteobacteria","OM182_clade","OM182_clade_fa","OM182_clade_ge"
"447","Otu01964",0.29390875822196,0,"No","T1","Bacteria","Proteobacteria","Alphaproteobacteria","Rhodobacterales","Rhodobacteraceae","Rhodobacteraceae_unclassified"
"448","Otu01979",-0.0248128269276129,0,"No","T1","Bacteria","Proteobacteria","Deltaproteobacteria","Desulfobacterales","Desulfobacteraceae","Desulfofaba"
"449","Otu01999",-0.256022392328283,0,"No","T1","Bacteria","Bacteroidetes","Bacteroidia","Flavobacteriales","Crocinitomicaceae","Crocinitomicaceae_unclassified"
"450","Otu02027",0.0465489683121674,0,"No","T1","Bacteria","Proteobacteria","Deltaproteobacteria","Desulfobacterales","Desulfobacteraceae","Desulfobacter"
"451","Otu02045",0.0270348906495667,0,"No","T1","Bacteria","Proteobacteria","Alphaproteobacteria","Micavibrionales","uncultured","uncultured_ge"
"452","Otu02071",0.170091153974936,0,"No","T1","Bacteria","Proteobacteria","Gammaproteobacteria","Steroidobacterales","Woeseiaceae","JTB255_marine_benthic_group"
"453","Otu02073",-0.0112464174164994,0,"No","T1","Bacteria","Spirochaetes","Spirochaetia","Spirochaetales","Spirochaetaceae","Spirochaeta_2"
"454","Otu02074",-0.114749080393483,0,"No","T1","Bacteria","Planctomycetes","OM190","OM190_or","OM190_fa","OM190_ge"
"455","Otu02084",-0.0291600276048293,0,"No","T1","Bacteria","Proteobacteria","Alphaproteobacteria","Micavibrionales","Micavibrionaceae","uncultured"
"456","Otu02089",0.311676858657329,0,"No","T1","Bacteria","Bacteroidetes","Bacteroidia","Flavobacteriales","Flavobacteriaceae","Salegentibacter"
"457","Otu02131",-0.065864125661083,0,"No","T1","Bacteria","Proteobacteria","Alphaproteobacteria","Caulobacterales","Parvularculaceae","Parvularcula"
"458","Otu02135",0.327575850831594,0,"No","T1","Bacteria","Proteobacteria","Gammaproteobacteria","Betaproteobacteriales","Neisseriaceae","Neisseria"
"459","Otu02141",-0.26966091869292,0,"No","T1","Bacteria","Proteobacteria","Alphaproteobacteria","Rhodobacterales","Rhodobacteraceae","Rhodobacteraceae_unclassified"
"460","Otu02179",0.116554530796934,0,"No","T1","Bacteria","Proteobacteria","Alphaproteobacteria","Rhodobacterales","Rhodobacteraceae","Pseudooceanicola"
"461","Otu02181",-0.0412992680922483,0,"No","T1","Bacteria","Planctomycetes","Phycisphaerae","Phycisphaerales","Phycisphaeraceae","SM1A02"
"462","Otu02211",-0.0145654102821281,0,"No","T1","Bacteria","Proteobacteria","Gammaproteobacteria","Oceanospirillales","Kangiellaceae","Aliikangiella"
"463","Otu02233",-0.0407900669978041,0,"No","TF","Bacteria","Proteobacteria","Gammaproteobacteria","Alteromonadales","Alteromonadaceae","Alteromonas"
"464","Otu02274",-0.12276181947935,0,"No","TF","Bacteria","Bacteroidetes","Bacteroidia","Flavobacteriales","Flavobacteriaceae","Winogradskyella"
"465","Otu02276",-0.0880112720133228,0,"No","TF","Bacteria","Proteobacteria","Gammaproteobacteria","Gammaproteobacteria_Incertae_Sedis","Unknown_Family","uncultured"
"466","Otu02353",-0.316203876715459,0,"No","T1","Bacteria","Planctomycetes","Planctomycetacia","Pirellulales","Pirellulaceae","Blastopirellula"
"467","Otu02359",-0.137730375219097,0,"No","T1","Bacteria","Proteobacteria","Alphaproteobacteria","Caulobacterales","Hyphomonadaceae","uncultured"
"468","Otu02376",0.704036098215034,0,"No","TF","Bacteria","Bacteroidetes","Bacteroidia","Flavobacteriales","Flavobacteriaceae","Gramella"
"469","Otu02410",0.300646846158406,0,"No","T1","Bacteria","Proteobacteria","Gammaproteobacteria","Oceanospirillales","Saccharospirillaceae","Thalassolituus"
"470","Otu02415",0.0931020384113897,0,"No","T1","Bacteria","Planctomycetes","OM190","OM190_or","OM190_fa","OM190_ge"
"471","Otu02436",0.0181990247057092,0,"No","T1","Bacteria","Bacteroidetes","Bacteroidia","Cytophagales","Cyclobacteriaceae","Ekhidna"
"472","Otu02486",-0.0109490968677549,0,"No","TF","Bacteria","Proteobacteria","Alphaproteobacteria","Rhodobacterales","Rhodobacteraceae","Rhodobacteraceae_unclassified"
"473","Otu02503",0.0136001746797121,0,"No","T1","Bacteria","Bacteroidetes","Bacteroidia","Flavobacteriales","Flavobacteriales_unclassified","Flavobacteriales_unclassified"
"474","Otu02519",0.291775657830852,0,"No","T1","Bacteria","Proteobacteria","Gammaproteobacteria","Oceanospirillales","Oleiphilaceae","Oleiphilus"
"475","Otu02565",0.0163023315720023,0,"No","T1","Bacteria","Proteobacteria","Gammaproteobacteria","Gammaproteobacteria_unclassified","Gammaproteobacteria_unclassified","Gammaproteobacteria_unclassified"
"476","Otu02581",-0.0970028930298367,0,"No","T1","Bacteria","Proteobacteria","Alphaproteobacteria","Micavibrionales","Micavibrionaceae","uncultured"
"477","Otu02615",-0.183983915294599,0,"No","TF","Bacteria","Proteobacteria","Alphaproteobacteria","Rhizobiales","Rhizobiales_Incertae_Sedis","Bauldia"
"478","Otu02660",-0.573229255648084,0,"No","TF","Bacteria","Patescibacteria","Parcubacteria","Candidatus_Campbellbacteria","Candidatus_Campbellbacteria_fa","Candidatus_Campbellbacteria_ge"
"479","Otu02681",0.452046480531493,0,"No","TF","Bacteria","Proteobacteria","Alphaproteobacteria","Sphingomonadales","Sphingomonadaceae","Qipengyuania"
"480","Otu02690",0.0317121469094423,0,"No","T1","Bacteria","Proteobacteria","Deltaproteobacteria","Desulfobacterales","Desulfobacteraceae","Desulfofaba"
"481","Otu02713",0.0155310668523845,0,"No","T1","Bacteria","Proteobacteria","Gammaproteobacteria","Salinisphaerales","Salinisphaeraceae","Salinisphaera"
"482","Otu02723",0.0131627143093724,0,"No","T1","Bacteria","Proteobacteria","Gammaproteobacteria","Cellvibrionales","Cellvibrionaceae","Cellvibrionaceae_unclassified"
"483","Otu02726",0.13310308833844,0,"No","T1","Bacteria","Verrucomicrobia","Verrucomicrobiae","Opitutales","Puniceicoccaceae","Puniceicoccaceae_unclassified"
"484","Otu02741",0.0147359183594771,0,"No","T1","Bacteria","Bacteroidetes","Bacteroidia","Cytophagales","Cyclobacteriaceae","uncultured"
"485","Otu02751",0.039293852923364,0,"No","T1","Bacteria","Planctomycetes","Phycisphaerae","mle1-8","mle1-8_fa","mle1-8_ge"
"486","Otu02791",0.0679547549141066,0,"No","T1","Bacteria","Proteobacteria","Deltaproteobacteria","Desulfovibrionales","Desulfovibrionaceae","Halodesulfovibrio"
"487","Otu02836",-0.0824438081473944,0,"No","TF","Bacteria","Proteobacteria","Gammaproteobacteria","Alteromonadales","Alteromonadaceae","Alteromonadaceae_unclassified"
"488","Otu02890",-0.0717032620164393,0,"No","T1","Bacteria","Nitrospinae","P9X2b3D02","P9X2b3D02_or","P9X2b3D02_fa","P9X2b3D02_ge"
"489","Otu02897",0.12958814846208,0,"No","T1","Bacteria","Verrucomicrobia","Verrucomicrobiae","Opitutales","Puniceicoccaceae","Lentimonas"
"490","Otu02931",0.204397331989469,0,"No","T1","Bacteria","Proteobacteria","Gammaproteobacteria","Oceanospirillales","Oleiphilaceae","Oleiphilus"
"491","Otu02940",-0.166848299632323,0,"No","T1","Bacteria","Bacteroidetes","Bacteroidia","Cytophagales","Cyclobacteriaceae","Ekhidna"
"492","Otu02946",-0.137132757243858,0,"No","TF","Bacteria","Proteobacteria","Deltaproteobacteria","PB19","PB19_fa","PB19_ge"
"493","Otu03002",0.129403885241905,0,"No","TF","Bacteria","Cyanobacteria","Oxyphotobacteria","Nostocales","Xenococcaceae","Xenococcus_PCC-7305"
"494","Otu03003",-0.050880694289852,0,"No","T1","Bacteria","Bacteria_unclassified","Bacteria_unclassified","Bacteria_unclassified","Bacteria_unclassified","Bacteria_unclassified"
"495","Otu03006",-0.193959097555564,0,"No","TF","Bacteria","Proteobacteria","Alphaproteobacteria","Kordiimonadales","Kordiimonadaceae","Kordiimonas"
"496","Otu03042",-0.0984839029405131,0,"No","T1","Bacteria","Proteobacteria","Gammaproteobacteria","Arenicellales","Arenicellaceae","Arenicella"
"497","Otu03087",-0.0624320598002468,0,"No","T1","Bacteria","Proteobacteria","Deltaproteobacteria","Desulfovibrionales","Desulfovibrionaceae","Halodesulfovibrio"
"498","Otu03160",-0.0355452175237028,0,"No","T1","Bacteria","Firmicutes","Clostridia","Clostridiales","Family_XII","Fusibacter"
"499","Otu03173",-0.159372692268524,0,"No","T1","Bacteria","Cyanobacteria","Oxyphotobacteria","Oxyphotobacteria_unclassified","Oxyphotobacteria_unclassified","Oxyphotobacteria_unclassified"
"500","Otu03190",-0.155862737051901,0,"No","T1","Bacteria","Proteobacteria","Gammaproteobacteria","Gammaproteobacteria_unclassified","Gammaproteobacteria_unclassified","Gammaproteobacteria_unclassified"
"501","Otu03197",0.115650102011674,0,"No","T1","Bacteria","Proteobacteria","Alphaproteobacteria","Rhodobacterales","Rhodobacteraceae","Rhodobacteraceae_unclassified"
"502","Otu03215",-0.00813474503937029,0,"No","TF","Bacteria","Acetothermia","Acetothermiia","Acetothermiia_or","Acetothermiia_fa","Acetothermiia_ge"
"503","Otu03280",0.0196879815406285,0,"No","T1","Bacteria","Proteobacteria","Alphaproteobacteria","Caulobacterales","Parvularculaceae","Parvularcula"
"504","Otu03285",-0.082857114446631,0,"No","T1","Bacteria","Proteobacteria","Gammaproteobacteria","Alteromonadales","Alteromonadaceae","Alteromonadaceae_unclassified"
"505","Otu03320",0.0800043246618309,0,"No","T1","Bacteria","Firmicutes","Bacilli","Bacillales","Staphylococcaceae","Nosocomiicoccus"
"506","Otu03337",-0.0807071703107372,0,"No","T1","Bacteria","Proteobacteria","Alphaproteobacteria","Micavibrionales","Micavibrionales_unclassified","Micavibrionales_unclassified"
"507","Otu03338",0.013406765331658,0,"No","TF","Bacteria","Bacteroidetes","Bacteroidia","Chitinophagales","Saprospiraceae","Portibacter"
"508","Otu03372",-0.0642885202142451,0,"No","T1","Bacteria","Proteobacteria","Alphaproteobacteria","SAR11_clade","Clade_II","Clade_II_ge"
"509","Otu03393",-0.104670694004395,0,"No","T1","Bacteria","Proteobacteria","Gammaproteobacteria","Gammaproteobacteria_unclassified","Gammaproteobacteria_unclassified","Gammaproteobacteria_unclassified"
"510","Otu03444",-0.0995451554820928,0,"No","T1","Bacteria","Bacteroidetes","Bacteroidia","Flavobacteriales","Flavobacteriaceae","Tenacibaculum"
"511","Otu03484",-0.287987067045147,0,"No","T1","Bacteria","Proteobacteria","Deltaproteobacteria","Bdellovibrionales","Bdellovibrionaceae","OM27_clade"
"512","Otu03528",0.0578511687426597,0,"No","T1","Bacteria","Bacteroidetes","Bacteroidia","Cytophagales","Cyclobacteriaceae","Cyclobacteriaceae_unclassified"
"513","Otu03530",0.0517700885354927,0,"No","TF","Bacteria","Bacteroidetes","Bacteroidia","Bacteroidia_unclassified","Bacteroidia_unclassified","Bacteroidia_unclassified"
"514","Otu03648",0.0826099206280661,0,"No","T1","Bacteria","Proteobacteria","Gammaproteobacteria","Alteromonadales","Pseudoalteromonadaceae","Pseudoalteromonas"
"515","Otu03683",0.0774670433914756,0,"No","T1","Bacteria","Bacteroidetes","Bacteroidia","Flavobacteriales","Flavobacteriales_unclassified","Flavobacteriales_unclassified"
"516","Otu03691",0.264772315519118,0,"No","T1","Bacteria","Bacteria_unclassified","Bacteria_unclassified","Bacteria_unclassified","Bacteria_unclassified","Bacteria_unclassified"
"517","Otu03714",0.0938086761315637,0,"No","T1","Bacteria","Proteobacteria","Alphaproteobacteria","Rhodospirillales","Magnetospiraceae","uncultured"
"518","Otu03715",-0.0150164256205578,0,"No","T1","Bacteria","Proteobacteria","Alphaproteobacteria","Rhodospirillales","Thalassospiraceae","Thalassospira"
"519","Otu03772",0.0818377357940666,0,"No","T1","Bacteria","Bacteroidetes","Bacteroidia","Cytophagales","Cyclobacteriaceae","uncultured"
"520","Otu03781",0.0562915503861229,0,"No","T1","Bacteria","Planctomycetes","Planctomycetacia","Planctomycetales","Planctomycetales_unclassified","Planctomycetales_unclassified"
"521","Otu03783",0.0126526563683539,0,"No","T1","Bacteria","Proteobacteria","Deltaproteobacteria","Bdellovibrionales","Bdellovibrionaceae","OM27_clade"
"522","Otu03918",-0.0165037649425278,0,"No","T1","Bacteria","Proteobacteria","Gammaproteobacteria","Cellvibrionales","Halieaceae","Halioglobus"
"523","Otu03938",0.0364661618225606,0,"No","T1","Bacteria","Proteobacteria","Alphaproteobacteria","Rhodospirillales","Magnetospiraceae","Magnetospira"
"524","Otu03939",-0.0698645056062979,0,"No","T1","Bacteria","Proteobacteria","Deltaproteobacteria","Desulfobacterales","Desulfobacteraceae","Desulfofaba"
"525","Otu03942",0.132920298170666,0,"No","T1","Bacteria","Proteobacteria","Gammaproteobacteria","Gammaproteobacteria_Incertae_Sedis","Unknown_Family","Marinicella"
"526","Otu03945",-0.337659099448204,0,"No","T1","Bacteria","Proteobacteria","Gammaproteobacteria","Pseudomonadales","Pseudomonadaceae","Pseudomonas"
"527","Otu03959",0.0829463340502159,0,"No","T1","Bacteria","Proteobacteria","Gammaproteobacteria","Alteromonadales","Pseudoalteromonadaceae","Algicola"
"528","Otu04184",0.0785033183347686,0,"No","T1","Archaea","Euryarchaeota","Halobacteria","Halobacteriales","Halococcaceae","Halococcus"
"529","Otu04300",0.121150164481262,0,"No","T1","Bacteria","Bacteroidetes","Bacteroidia","Flavobacteriales","Flavobacteriaceae","Tenacibaculum"
"530","Otu04433",0.0774279016955324,0,"No","T1","Bacteria","Bacteroidetes","Bacteroidia","Bacteroidia_unclassified","Bacteroidia_unclassified","Bacteroidia_unclassified"
"531","Otu04440",0.124390045505366,0,"No","T1","Bacteria","Bacteroidetes","Bacteroidia","Flavobacteriales","Flavobacteriaceae","Lutaonella"
"532","Otu04442",-0.0294940887848353,0,"No","T1","Bacteria","Bacteroidetes","Bacteroidia","Chitinophagales","uncultured","uncultured_ge"
"533","Otu04725",0.19042370209539,0,"No","TF","Bacteria","Verrucomicrobia","Verrucomicrobiae","Verrucomicrobiales","Rubritaleaceae","Persicirhabdus"
"534","Otu04733",0.0242725846540617,0,"No","T1","Bacteria","Cyanobacteria","Melainabacteria","Caenarcaniphilales","Caenarcaniphilales_fa","Caenarcaniphilales_ge"
"535","Otu04753",-0.289083999907881,0,"No","T1","Bacteria","Bacteroidetes","Bacteroidia","Cytophagales","Cyclobacteriaceae","uncultured"
"536","Otu04838",-0.280432043204141,0,"No","T1","Bacteria","Proteobacteria","Gammaproteobacteria","Gammaproteobacteria_unclassified","Gammaproteobacteria_unclassified","Gammaproteobacteria_unclassified"
"537","Otu04934",0.0933990878832007,0,"No","T1","Bacteria","Bacteroidetes","Bacteroidia","Chitinophagales","Saprospiraceae","Lewinella"
"538","Otu04961",0.0489767514799255,0,"No","T1","Bacteria","Proteobacteria","Gammaproteobacteria","Cellvibrionales","Cellvibrionales_unclassified","Cellvibrionales_unclassified"
"539","Otu05189",0.0385945420798541,0,"No","T1","Bacteria","Proteobacteria","Gammaproteobacteria","Cellvibrionales","Spongiibacteraceae","BD1-7_clade"
"540","Otu05245",-0.100586846163109,0,"No","T1","Bacteria","Bacteroidetes","Bacteroidia","Bacteroidales","Marinilabiliaceae","uncultured"
"541","Otu05437",0.165019667720974,0,"No","T1","Bacteria","Proteobacteria","Gammaproteobacteria","Betaproteobacteriales","Methylophilaceae","Methylophilaceae_unclassified"
"542","Otu05632",0.178087249963004,0,"No","T1","Bacteria","Bacteroidetes","Bacteroidia","Bacteroidia_unclassified","Bacteroidia_unclassified","Bacteroidia_unclassified"
"543","Otu05680",0.42584156630054,0,"No","T1","Bacteria","Proteobacteria","Alphaproteobacteria","Micavibrionales","Micavibrionaceae","uncultured"
"544","Otu05852",0.109692595669962,0,"No","T1","Bacteria","Proteobacteria","Alphaproteobacteria","Rhodospirillales","Magnetospiraceae","uncultured"
"545","Otu06279",0.174361175755348,0,"No","T1","Bacteria","Proteobacteria","Alphaproteobacteria","Caulobacterales","Hyphomonadaceae","Algimonas"
"546","Otu06536",0.00674763321319765,0,"No","T1","Bacteria","Proteobacteria","Alphaproteobacteria","Caulobacterales","Parvularculaceae","Parvularcula"
"547","Otu06905",0.10868151505485,0,"No","T1","Bacteria","Dependentiae","Babeliae","Babeliales","Babeliales_unclassified","Babeliales_unclassified"
"548","Otu07305",-0.0373537241013024,0,"No","T1","Bacteria","Proteobacteria","Alphaproteobacteria","Rhodobacterales","Rhodobacteraceae","Rhodobacteraceae_unclassified"
"549","Otu08493",0.320028310760518,0,"No","TF","Bacteria","Patescibacteria","Parcubacteria","Candidatus_Kaiserbacteria","Candidatus_Kaiserbacteria_fa","Candidatus_Kaiserbacteria_ge"
"550","Otu08948",0.186165176310073,0,"No","T1","Bacteria","Proteobacteria","Gammaproteobacteria","Alteromonadales","Alteromonadaceae","Alteromonadaceae_unclassified"
"551","Otu09944",0.0536116775286528,0,"No","T1","Bacteria","Bacteroidetes","Bacteroidia","Cytophagales","Cyclobacteriaceae","Reichenbachiella"
"552","Otu11357",-0.35582775587122,0,"No","T1","Bacteria","Nitrospirae","Nitrospira","Nitrospirales","Nitrospiraceae","Nitrospira"
